1520624667.164109, 0, 0, 0, 0, 0
1520624667.188083, 0, 0, 0, 0, 0
1520624667.212084, 0, 0, 0, 0, 0
1520624667.236088, 0, 0, 0, 0, 0
1520624667.260109, 0, 0, 0, 0, 0
1520624667.284101, 0, 0, 0, 0, 0
1520624667.308095, 0, 0, 0, 0, 0
1520624667.332078, 0, 0, 0, 0, 0
1520624667.356083, 0, 0, 0, 0, 0
1520624667.380067, 0, 0, 0, 0, 0
1520624667.404135, 0, 0, 0, 0, 0
1520624667.428105, 0, 0, 0, 0, 0
1520624667.452119, 0, 0, 0, 0, 0
1520624667.476103, 0, 0, 0, 0, 0
1520624667.500090, 0, 0, 0, 0, 0
1520624667.524149, 0, 0, 0, 0, 0
1520624667.548124, 0, 0, 0, 0, 0
1520624667.572086, 0, 0, 0, 0, 0
1520624667.596124, 0, 0, 0, 0, 0
1520624667.620125, 0, 0, 0, 0, 0
1520624667.644125, 0, 0, 0, 0, 0
1520624667.668093, 0, 0, 0, 0, 0
1520624667.692104, 0, 0, 0, 0, 0
1520624667.716113, 0, 0, 0, 0, 0
1520624667.740108, 0, 0, 0, 0, 0
1520624667.764072, 0, 0, 0, 0, 0
1520624667.788120, 0, 0, 0, 0, 0
1520624667.812124, 0, 0, 0, 0, 0
1520624667.836121, 0, 0, 0, 0, 0
1520624667.860107, 0, 0, 0, 0, 0
1520624667.884133, 0, 0, 0, 0, 0
1520624667.908137, 0, 0, 0, 0, 0
1520624667.932083, 0, 0, 0, 0, 0
1520624667.956128, 0, 0, 0, 0, 0
1520624667.980115, 0, 0, 0, 0, 0
1520624668.004119, 0, 0, 0, 0, 0
1520624668.028140, 0, 0, 0, 0, 0
1520624668.052106, 0, 0, 0, 0, 0
1520624668.076088, 0, 0, 0, 0, 0
1520624668.100104, 0, 0, 0, 0, 0
1520624668.124089, 0, 0, 0, 0, 0
1520624668.148064, 0, 0, 0, 0, 0
1520624668.172080, 0, 0, 0, 0, 0
1520624668.196107, 0, 0, 0, 0, 0
1520624668.220060, 0, 0, 0, 0, 0
1520624668.244081, 0, 0, 0, 0, 0
1520624668.268106, 0, 0, 0, 0, 0
1520624668.292099, 0, 0, 0, 0, 0
1520624668.316081, 0, 0, 0, 0, 0
1520624668.340080, 0, 0, 0, 0, 0
1520624668.364101, 0, 0, 0, 0, 0
1520624668.388088, 0, 0, 0, 0, 0
1520624668.412089, 0, 0, 0, 0, 0
1520624668.436120, 0, 0, 0, 0, 0
1520624668.460066, 0, 0, 0, 0, 0
1520624668.484066, 0, 0, 0, 0, 0
1520624668.508071, 0, 0, 0, 0, 0
1520624668.532061, 0, 0, 0, 0, 0
1520624668.556056, 0, 0, 0, 0, 0
1520624668.580051, 0, 0, 0, 0, 0
1520624668.604100, 0, 0, 0, 0, 0
1520624668.628049, 0, 0, 0, 0, 0
1520624668.652105, 0, 0, 0, 0, 0
1520624668.676049, 0, 0, 0, 0, 0
1520624668.700068, 0, 0, 0, 0, 0
1520624668.724038, 0, 0, 0, 0, 0
1520624668.748045, 0, 0, 0, 0, 0
1520624668.772037, 0, 0, 0, 0, 0
1520624668.796041, 0, 0, 0, 0, 0
1520624668.820091, 0, 0, 0, 0, 0
1520624668.844085, 0, 0, 0, 0, 0
1520624668.868067, 0, 0, 0, 0, 0
1520624668.892045, 0, 0, 0, 0, 0
1520624668.916060, 0, 0, 0, 0, 0
1520624668.940064, 0, 0, 0, 0, 0
1520624668.964101, 0, 0, 0, 0, 0
1520624668.988087, 0, 0, 0, 0, 0
1520624669.012091, 0, 0, 0, 0, 0
1520624669.036113, 0, 0, 0, 0, 0
1520624669.060063, 0, 0, 0, 0, 0
1520624669.084051, 0, 0, 0, 0, 0
1520624669.108079, 0, 0, 0, 0, 0
1520624669.132037, 0, 0, 0, 0, 0
1520624669.156099, 0, 0, 0, 0, 0
1520624669.180080, 0, 0, 0, 0, 0
1520624669.204052, 0, 0, 0, 0, 0
1520624669.228090, 0, 0, 0, 0, 0
1520624669.252057, 0, 0, 0, 0, 0
1520624669.276061, 0, 0, 0, 0, 0
1520624669.300056, 0, 0, 0, 0, 0
1520624669.324079, 0, 0, 0, 0, 0
1520624669.348077, 0, 0, 0, 0, 0
1520624669.372041, 0, 0, 0, 0, 0
1520624669.396078, 0, 0, 0, 0, 0
1520624669.420015, 0, 0, 0, 0, 0
1520624669.444005, 0, 0, 0, 0, 0
1520624669.468035, 0, 0, 0, 0, 0
1520624669.492060, 0, 0, 0, 0, 0
1520624669.516078, 0, 0, 0, 0, 0
1520624669.540061, 0, 0, 0, 0, 0
1520624669.564100, 0, 0, 0, 0, 0
1520624669.588057, 0, 0, 0, 0, 0
1520624669.612010, 0, 0, 0, 0, 0
1520624669.635992, 0, 0, 0, 0, 0
1520624669.660016, 0, 0, 0, 0, 0
1520624669.684047, 0, 0, 0, 0, 0
1520624669.708073, 0, 0, 0, 0, 0
1520624669.732040, 0, 0, 0, 0, 0
1520624669.756070, 0, 0, 0, 0, 0
1520624669.780009, 0, 0, 0, 0, 0
1520624669.804044, 0, 0, 0, 0, 0
1520624669.827980, 0, 0, 0, 0, 0
1520624669.852093, 0, 0, 0, 0, 0
1520624669.876028, 0, 0, 0, 0, 0
1520624669.900080, 0, 0, 0, 0, 0
1520624669.924080, 0, 0, 0, 0, 0
1520624669.948087, 0, 0, 0, 0, 0
1520624669.971992, 0, 0, 0, 0, 0
1520624669.996042, 0, 0, 0, 0, 0
1520624670.020061, 0, 0, 0, 0, 0
1520624670.044066, 0, 0, 0, 0, 0
1520624670.068063, 0, 0, 0, 0, 0
1520624670.092015, 0, 0, 0, 0, 0
1520624670.115991, 0, 0, 0, 0, 0
1520624670.139996, 0, 0, 0, 0, 0
1520624670.164026, 0, 0, 0, 0, 0
1520624670.187987, 0, 0, 0, 0, 0
1520624670.211993, 0, 0, 0, 0, 0
1520624670.235985, 0, 0, 0, 0, 0
1520624670.259989, 0, 0, 0, 0, 0
1520624670.284000, 0, 0, 0, 0, 0
1520624670.307976, 0, 0, 0, 0, 0
1520624670.332031, 0, 0, 0, 0, 0
1520624670.356097, 0, 0, 0, 0, 0
1520624670.380055, 0, 0, 0, 0, 0
1520624670.404082, 0, 0, 0, 0, 0
1520624670.428036, 0, 0, 0, 0, 0
1520624670.452028, 0, 0, 0, 0, 0
1520624670.476030, 0, 0, 0, 0, 0
1520624670.500059, 0, 0, 0, 0, 0
1520624670.523999, 0, 0, 0, 0, 0
1520624670.548043, 0, 0, 0, 0, 0
1520624670.572016, 0, 0, 0, 0, 0
1520624670.596001, 0, 0, 0, 0, 0
1520624670.619998, 0, 0, 0, 0, 0
1520624670.644008, 0, 0, 0, 0, 0
1520624670.668012, 0, 0, 0, 0, 0
1520624670.691988, 0, 0, 0, 0, 0
1520624670.716027, 0, 0, 0, 0, 0
1520624670.740029, 0, 0, 0, 0, 0
1520624670.764023, 0, 0, 0, 0, 0
1520624670.787995, 0, 0, 0, 0, 0
1520624670.811974, 0, 0, 0, 0, 0
1520624670.836019, 0, 0, 0, 0, 0
1520624670.860004, 0, 0, 0, 0, 0
1520624670.884036, 0, 0, 0, 0, 0
1520624670.908069, 0, 0, 0, 0, 0
1520624670.932015, 0, 0, 0, 0, 0
1520624670.956007, 0, 0, 0, 0, 0
1520624670.980057, 0, 0, 0, 0, 0
1520624671.004028, 0, 0, 0, 0, 0
1520624671.028031, 0, 0, 0, 0, 0
1520624671.052020, 0, 0, 0, 0, 0
1520624671.075981, 0, 0, 0, 0, 0
1520624671.100007, 0, 0, 0, 0, 0
1520624671.124053, 0, 0, 0, 0, 0
1520624671.148053, 0, 0, 0, 0, 0
1520624671.172054, 0, 0, 0, 0, 0
1520624671.196019, 0, 0, 0, 0, 0
1520624671.219978, 0, 0, 0, 0, 0
1520624671.243989, 0, 0, 0, 0, 0
1520624671.268035, 0, 0, 0, 0, 0
1520624671.292029, 0, 0, 0, 0, 0
1520624671.316053, 0, 0, 0, 0, 0
1520624671.339971, 0, 0, 0, 0, 0
1520624671.363992, 0, 0, 0, 0, 0
1520624671.387985, 0, 0, 0, 0, 0
1520624671.412015, 0, 0, 0, 0, 0
1520624671.435981, 0, 0, 0, 0, 0
1520624671.459979, 0, 0, 0, 0, 0
1520624671.483994, 0, 0, 0, 0, 0
1520624671.508023, 0, 0, 0, 0, 0
1520624671.531952, 0, 0, 0, 0, 0
1520624671.555991, 0, 0, 0, 0, 0
1520624671.579967, 0, 0, 0, 0, 0
1520624671.603995, 0, 0, 0, 0, 0
1520624671.627981, 0, 0, 0, 0, 0
1520624671.651990, 0, 0, 0, 0, 0
1520624671.675992, 0, 0, 0, 0, 0
1520624671.699963, 0, 0, 0, 0, 0
1520624671.724001, 0, 0, 0, 0, 0
1520624671.747971, 0, 0, 0, 0, 0
1520624671.771975, 0, 0, 0, 0, 0
1520624671.796035, 0, 0, 0, 0, 0
1520624671.819976, 0, 0, 0, 0, 0
1520624671.843965, 0, 0, 0, 0, 0
1520624671.867965, 0, 0, 0, 0, 0
1520624671.891989, 0, 0, 0, 0, 0
1520624671.915977, 0, 0, 0, 0, 0
1520624671.939950, 0, 0, 0, 0, 0
1520624671.963990, 0, 0, 0, 0, 0
1520624671.988018, 0, 0, 0, 0, 0
1520624672.011965, 0, 0, 0, 0, 0
1520624672.035973, 0, 0, 0, 0, 0
1520624672.060008, 0, 0, 0, 0, 0
1520624672.083994, 0, 0, 0, 0, 0
1520624672.107995, 0, 0, 0, 0, 0
1520624672.132002, 0, 0, 0, 0, 0
1520624672.156049, 0, 0, 0, 0, 0
1520624672.179974, 0, 0, 0, 0, 0
1520624672.203990, 0, 0, 0, 0, 0
1520624672.228007, 0, 0, 0, 0, 0
1520624672.251999, 0, 0, 0, 0, 0
1520624672.276021, 0, 0, 0, 0, 0
1520624672.300028, 0, 0, 0, 0, 0
1520624672.324083, 0, 0, 0, 0, 0
1520624672.348007, 0, 0, 0, 0, 0
1520624672.371998, 0, 0, 0, 0, 0
1520624672.395950, 0, 0, 0, 0, 0
1520624672.420009, 0, 0, 0, 0, 0
1520624672.444002, 0, 0, 0, 0, 0
1520624672.467948, 0, 0, 0, 0, 0
1520624672.491943, 0, 0, 0, 0, 0
1520624672.515956, 0, 0, 0, 0, 0
1520624672.539966, 0, 0, 0, 0, 0
1520624672.564015, 0, 0, 0, 0, 0
1520624672.587994, 0, 0, 0, 0, 0
1520624672.611957, 0, 0, 0, 0, 0
1520624672.636000, 0, 0, 0, 0, 0
1520624672.659962, 0, 0, 0, 0, 0
1520624672.683999, 0, 0, 0, 0, 0
1520624672.708003, 0, 0, 0, 0, 0
1520624672.732034, 0, 0, 0, 0, 0
1520624672.756024, 0, 0, 0, 0, 0
1520624672.779991, 0, 0, 0, 0, 0
1520624672.803999, 0, 0, 0, 0, 0
1520624672.828037, 0, 0, 0, 0, 0
1520624672.851995, 0, 0, 0, 0, 0
1520624672.875999, 0, 0, 0, 0, 0
1520624672.899951, 0, 0, 0, 0, 0
1520624672.923914, 0, 0, 0, 0, 0
1520624672.947936, 0, 0, 0, 0, 0
1520624672.971976, 0, 0, 0, 0, 0
1520624672.995984, 0, 0, 0, 0, 0
1520624673.019993, 0, 0, 0, 0, 0
1520624673.044013, 0, 0, 0, 0, 0
1520624673.067999, 0, 0, 0, 0, 0
1520624673.091973, 0, 0, 0, 0, 0
1520624673.115980, 0, 0, 0, 0, 0
1520624673.139975, 0, 0, 0, 0, 0
1520624673.163994, 0, 0, 0, 0, 0
1520624673.188000, 0, 0, 0, 0, 0
1520624673.211948, 0, 0, 0, 0, 0
1520624673.235955, 0, 0, 0, 0, 0
1520624673.259934, 0, 0, 0, 0, 0
1520624673.283914, 0, 0, 0, 0, 0
1520624673.307961, 0, 0, 0, 0, 0
1520624673.332000, 0, 0, 0, 0, 0
1520624673.355945, 0, 0, 0, 0, 0
1520624673.380012, 0, 0, 0, 0, 0
1520624673.403971, 0, 0, 0, 0, 0
1520624673.427961, 0, 0, 0, 0, 0
1520624673.451991, 0, 0, 0, 0, 0
1520624673.475982, 0, 0, 0, 0, 0
1520624673.499964, 0, 0, 0, 0, 0
1520624673.523963, 0, 0, 0, 0, 0
1520624673.547990, 0, 0, 0, 0, 0
1520624673.571945, 0, 0, 0, 0, 0
1520624673.595954, 0, 0, 0, 0, 0
1520624673.619902, 0, 0, 0, 0, 0
1520624673.643999, 0, 0, 0, 0, 0
1520624673.667950, 0, 0, 0, 0, 0
1520624673.692015, 0, 0, 0, 0, 0
1520624673.715997, 0, 0, 0, 0, 0
1520624673.739990, 0, 0, 0, 0, 0
1520624673.763962, 0, 0, 0, 0, 0
1520624673.787979, 0, 0, 0, 0, 0
1520624673.811904, 0, 0, 0, 0, 0
1520624673.835891, 0, 0, 0, 0, 0
1520624673.859943, 0, 0, 0, 0, 0
1520624673.883965, 0, 0, 0, 0, 0
1520624673.907925, 0, 0, 0, 0, 0
1520624673.931943, 0, 0, 0, 0, 0
1520624673.955950, 0, 0, 0, 0, 0
1520624673.979896, 0, 0, 0, 0, 0
1520624674.003886, 0, 0, 0, 0, 0
1520624674.027904, 0, 0, 0, 0, 0
1520624674.051972, 0, 0, 0, 0, 0
1520624674.075922, 0, 0, 0, 0, 0
1520624674.099935, 0, 0, 0, 0, 0
1520624674.123904, 0, 0, 0, 0, 0
1520624674.147884, 0, 0, 0, 0, 0
1520624674.171885, 0, 0, 0, 0, 0
1520624674.195899, 0, 0, 0, 0, 0
1520624674.219918, 0, 0, 0, 0, 0
1520624674.243920, 0, 0, 0, 0, 0
1520624674.267921, 0, 0, 0, 0, 0
1520624674.291940, 0, 0, 0, 0, 0
1520624674.315952, 0, 0, 0, 0, 0
1520624674.339959, 0, 0, 0, 0, 0
1520624674.363910, 0, 0, 0, 0, 0
1520624674.387901, 0, 0, 0, 0, 0
1520624674.411912, 0, 0, 0, 0, 0
1520624674.435916, 0, 0, 0, 0, 0
1520624674.459957, 0, 0, 0, 0, 0
1520624674.483939, 0, 0, 0, 0, 0
1520624674.507925, 0, 0, 0, 0, 0
1520624674.531931, 0, 0, 0, 0, 0
1520624674.555924, 0, 0, 0, 0, 0
1520624674.579906, 0, 0, 0, 0, 0
1520624674.603915, 0, 0, 0, 0, 0
1520624674.627907, 0, 0, 0, 0, 0
1520624674.651935, 0, 0, 0, 0, 0
1520624674.675992, 0, 0, 0, 0, 0
1520624674.699949, 0, 0, 0, 0, 0
1520624674.723962, 0, 0, 0, 0, 0
1520624674.747942, 0, 0, 0, 0, 0
1520624674.771918, 0, 0, 0, 0, 0
1520624674.795891, 0, 0, 0, 0, 0
1520624674.819896, 0, 0, 0, 0, 0
1520624674.843916, 0, 0, 0, 0, 0
1520624674.867872, 0, 0, 0, 0, 0
1520624674.891876, 0, 0, 0, 0, 0
1520624674.915886, 0, 0, 0, 0, 0
1520624674.939894, 0, 0, 0, 0, 0
1520624674.963886, 0, 0, 0, 0, 0
1520624674.987865, 0, 0, 0, 0, 0
1520624675.011916, 0, 0, 0, 0, 0
1520624675.035913, 0, 0, 0, 0, 0
1520624675.059977, 0, 0, 0, 0, 0
1520624675.083896, 0, 0, 0, 0, 0
1520624675.107909, 0, 0, 0, 0, 0
1520624675.131901, 0, 0, 0, 0, 0
1520624675.155911, 0, 0, 0, 0, 0
1520624675.179891, 0, 0, 0, 0, 0
1520624675.203924, 0, 0, 0, 0, 0
1520624675.227875, 0, 0, 0, 0, 0
1520624675.251919, 0, 0, 0, 0, 0
1520624675.275918, 0, 0, 0, 0, 0
1520624675.299936, 0, 0, 0, 0, 0
1520624675.323888, 0, 0, 0, 0, 0
1520624675.347939, 0, 0, 0, 0, 0
1520624675.371896, 0, 0, 0, 0, 0
1520624675.395883, 0, 0, 0, 0, 0
1520624675.419884, 0, 0, 0, 0, 0
1520624675.443857, 0, 0, 0, 0, 0
1520624675.467852, 0, 0, 0, 0, 0
1520624675.491884, 0, 0, 0, 0, 0
1520624675.515927, 0, 0, 0, 0, 0
1520624675.539926, 0, 0, 0, 0, 0
1520624675.563884, 0, 0, 0, 0, 0
1520624675.587862, 0, 0, 0, 0, 0
1520624675.611863, 0, 0, 0, 0, 0
1520624675.635859, 0, 0, 0, 0, 0
1520624675.659879, 0, 0, 0, 0, 0
1520624675.683865, 0, 0, 0, 0, 0
1520624675.707917, 0, 0, 0, 0, 0
1520624675.731847, 0, 0, 0, 0, 0
1520624675.755840, 0, 0, 0, 0, 0
1520624675.779837, 0, 0, 0, 0, 0
1520624675.803838, 0, 0, 0, 0, 0
1520624675.827883, 0, 0, 0, 0, 0
1520624675.851858, 0, 0, 0, 0, 0
1520624675.875868, 0, 0, 0, 0, 0
1520624675.899842, 0, 0, 0, 0, 0
1520624675.923919, 0, 0, 0, 0, 0
1520624675.947885, 0, 0, 0, 0, 0
1520624675.971906, 0, 0, 0, 0, 0
1520624675.995905, 0, 0, 0, 0, 0
1520624676.019912, 0, 0, 0, 0, 0
1520624676.043917, 0, 0, 0, 0, 0
1520624676.067905, 0, 0, 0, 0, 0
1520624676.091892, 0, 0, 0, 0, 0
1520624676.115839, 0, 0, 0, 0, 0
1520624676.139876, 0, 0, 0, 0, 0
1520624676.163892, 0, 0, 0, 0, 0
1520624676.187879, 0, 0, 0, 0, 0
1520624676.211854, 0, 0, 0, 0, 0
1520624676.235922, 0, 0, 0, 0, 0
1520624676.259880, 0, 0, 0, 0, 0
1520624676.283880, 0, 0, 0, 0, 0
1520624676.307896, 0, 0, 0, 0, 0
1520624676.331896, 0, 0, 0, 0, 0
1520624676.355877, 0, 0, 0, 0, 0
1520624676.379852, 0, 0, 0, 0, 0
1520624676.403860, 0, 0, 0, 0, 0
1520624676.427867, 0, 0, 0, 0, 0
1520624676.451863, 0, 0, 0, 0, 0
1520624676.475828, 0, 0, 0, 0, 0
1520624676.499844, 0, 0, 0, 0, 0
1520624676.523893, 0, 0, 0, 0, 0
1520624676.547846, 0, 0, 0, 0, 0
1520624676.571927, 0, 0, 0, 0, 0
1520624676.595834, 0, 0, 0, 0, 0
1520624676.619827, 0, 0, 0, 0, 0
1520624676.643840, 0, 0, 0, 0, 0
1520624676.667845, 0, 0, 0, 0, 0
1520624676.691866, 0, 0, 0, 0, 0
1520624676.715860, 0, 0, 0, 0, 0
1520624676.739858, 0, 0, 0, 0, 0
1520624676.763859, 0, 0, 0, 0, 0
1520624676.787831, 0, 0, 0, 0, 0
1520624676.811822, 0, 0, 0, 0, 0
1520624676.835821, 0, 0, 0, 0, 0
1520624676.859841, 0, 0, 0, 0, 0
1520624676.883885, 0, 0, 0, 0, 0
1520624676.907909, 0, 0, 0, 0, 0
1520624676.931842, 0, 0, 0, 0, 0
1520624676.955826, 0, 0, 0, 0, 0
1520624676.979830, 0, 0, 0, 0, 0
1520624677.003870, 0, 0, 0, 0, 0
1520624677.027884, 0, 0, 0, 0, 0
1520624677.051892, 0, 0, 0, 0, 0
1520624677.075872, 0, 0, 0, 0, 0
1520624677.099889, 0, 0, 0, 0, 0
1520624677.123872, 0, 0, 0, 0, 0
1520624677.147815, 0, 0, 0, 0, 0
1520624677.171815, 0, 0, 0, 0, 0
1520624677.195807, 0, 0, 0, 0, 0
1520624677.219859, 0, 0, 0, 0, 0
1520624677.243890, 0, 0, 0, 0, 0
1520624677.267838, 0, 0, 0, 0, 0
1520624677.291828, 0, 0, 0, 0, 0
1520624677.315802, 0, 0, 0, 0, 0
1520624677.339832, 0, 0, 0, 0, 0
1520624677.363822, 0, 0, 0, 0, 0
1520624677.387867, 0, 0, 0, 0, 0
1520624677.411845, 0, 0, 0, 0, 0
1520624677.435831, 0, 0, 0, 0, 0
1520624677.459802, 0, 0, 0, 0, 0
1520624677.483818, 0, 0, 0, 0, 0
1520624677.507806, 0, 0, 0, 0, 0
1520624677.531808, 0, 0, 0, 0, 0
1520624677.555885, 0, 0, 0, 0, 0
1520624677.579866, 0, 0, 0, 0, 0
1520624677.603838, 0, 0, 0, 0, 0
1520624677.627813, 0, 0, 0, 0, 0
1520624677.651862, 0, 0, 0, 0, 0
1520624677.675804, 0, 0, 0, 0, 0
1520624677.699814, 0, 0, 0, 0, 0
1520624677.723821, 0, 0, 0, 0, 0
1520624677.747824, 0, 0, 0, 0, 0
1520624677.771823, 0, 0, 0, 0, 0
1520624677.795836, 0, 0, 0, 0, 0
1520624677.819881, 0, 0, 0, 0, 0
1520624677.843784, 0, 0, 0, 0, 0
1520624677.867849, 0, 0, 0, 0, 0
1520624677.891849, 0, 0, 0, 0, 0
1520624677.915887, 0, 0, 0, 0, 0
1520624677.939849, 0, 0, 0, 0, 0
1520624677.963870, 0, 0, 0, 0, 0
1520624677.987799, 0, 0, 0, 0, 0
1520624678.011813, 0, 0, 0, 0, 0
1520624678.035786, 0, 0, 0, 0, 0
1520624678.059777, 0, 0, 0, 0, 0
1520624678.083806, 0, 0, 0, 0, 0
1520624678.107811, 0, 0, 0, 0, 0
1520624678.131821, 0, 0, 0, 0, 0
1520624678.155850, 0, 0, 0, 0, 0
1520624678.179816, 0, 0, 0, 0, 0
1520624678.203813, 0, 0, 0, 0, 0
1520624678.227864, 0, 0, 0, 0, 0
1520624678.251838, 0, 0, 0, 0, 0
1520624678.275865, 0, 0, 0, 0, 0
1520624678.299870, 0, 0, 0, 0, 0
1520624678.323802, 0, 0, 0, 0, 0
1520624678.347785, 0, 0, 0, 0, 0
1520624678.371774, 0, 0, 0, 0, 0
1520624678.395787, 0, 0, 0, 0, 0
1520624678.419790, 0, 0, 0, 0, 0
1520624678.443798, 0, 0, 0, 0, 0
1520624678.467837, 0, 0, 0, 0, 0
1520624678.491806, 0, 0, 0, 0, 0
1520624678.515793, 0, 0, 0, 0, 0
1520624678.539764, 0, 0, 0, 0, 0
1520624678.563780, 0, 0, 0, 0, 0
1520624678.587855, 0, 0, 0, 0, 0
1520624678.611791, 0, 0, 0, 0, 0
1520624678.635821, 0, 0, 0, 0, 0
1520624678.659852, 0, 0, 0, 0, 0
1520624678.683773, 0, 0, 0, 0, 0
1520624678.707791, 0, 0, 0, 0, 0
1520624678.731821, 0, 0, 0, 0, 0
1520624678.755789, 0, 0, 0, 0, 0
1520624678.779818, 0, 0, 0, 0, 0
1520624678.803767, 0, 0, 0, 0, 0
1520624678.827857, 0, 0, 0, 0, 0
1520624678.851804, 0, 0, 0, 0, 0
1520624678.875766, 0, 0, 0, 0, 0
1520624678.899763, 0, 0, 0, 0, 0
1520624678.923766, 0, 0, 0, 0, 0
1520624678.947807, 0, 0, 0, 0, 0
1520624678.971822, 0, 0, 0, 0, 0
1520624678.995830, 0, 0, 0, 0, 0
1520624679.019787, 0, 0, 0, 0, 0
1520624679.043752, 0, 0, 0, 0, 0
1520624679.067761, 0, 0, 0, 0, 0
1520624679.091816, 0, 0, 0, 0, 0
1520624679.115842, 0, 0, 0, 0, 0
1520624679.139775, 0, 0, 0, 0, 0
1520624679.163805, 0, 0, 0, 0, 0
1520624679.187779, 0, 0, 0, 0, 0
1520624679.211788, 0, 0, 0, 0, 0
1520624679.235769, 0, 0, 0, 0, 0
1520624679.259798, 0, 0, 0, 0, 0
1520624679.283831, 0, 0, 0, 0, 0
1520624679.307847, 0, 0, 0, 0, 0
1520624679.331843, 0, 0, 0, 0, 0
1520624679.355838, 0, 0, 0, 0, 0
1520624679.379794, 0, 0, 0, 0, 0
1520624679.403836, 0, 0, 0, 0, 0
1520624679.427824, 0, 0, 0, 0, 0
1520624679.451798, 0, 0, 0, 0, 0
1520624679.475755, 0, 0, 0, 0, 0
1520624679.499762, 0, 0, 0, 0, 0
1520624679.523802, 0, 0, 0, 0, 0
1520624679.547762, 0, 0, 0, 0, 0
1520624679.571750, 0, 0, 0, 0, 0
1520624679.595804, 0, 0, 0, 0, 0
1520624679.619768, 0, 0, 0, 0, 0
1520624679.643788, 0, 0, 0, 0, 0
1520624679.667773, 0, 0, 0, 0, 0
1520624679.691784, 0, 0, 0, 0, 0
1520624679.715732, 0, 0, 0, 0, 0
1520624679.739787, 0, 0, 0, 0, 0
1520624679.763778, 0, 0, 0, 0, 0
1520624679.787787, 0, 0, 0, 0, 0
1520624679.811824, 0, 0, 0, 0, 0
1520624679.835788, 0, 0, 0, 0, 0
1520624679.859808, 0, 0, 0, 0, 0
1520624679.883807, 0, 0, 0, 0, 0
1520624679.907747, 0, 0, 0, 0, 0
1520624679.931791, 0, 0, 0, 0, 0
1520624679.955791, 0, 0, 0, 0, 0
1520624679.979801, 0, 0, 0, 0, 0
1520624680.003771, 0, 0, 0, 0, 0
1520624680.027829, 0, 0, 0, 0, 0
1520624680.051789, 0, 0, 0, 0, 0
1520624680.075783, 0, 0, 0, 0, 0
1520624680.099767, 0, 0, 0, 0, 0
1520624680.123785, 0, 0, 0, 0, 0
1520624680.147758, 0, 0, 0, 0, 0
1520624680.171749, 0, 0, 0, 0, 0
1520624680.195822, 0, 0, 0, 0, 0
1520624680.219753, 0, 0, 0, 0, 0
1520624680.243737, 0, 0, 0, 0, 0
1520624680.267791, 0, 0, 0, 0, 0
1520624680.291741, 0, 0, 0, 0, 0
1520624680.315731, 0, 0, 0, 0, 0
1520624680.339805, 0, 0, 0, 0, 0
1520624680.363786, 0, 0, 0, 0, 0
1520624680.387756, 0, 0, 0, 0, 0
1520624680.411723, 0, 0, 0, 0, 0
1520624680.435745, 0, 0, 0, 0, 0
1520624680.459740, 0, 0, 0, 0, 0
1520624680.483722, 0, 0, 0, 0, 0
1520624680.507786, 0, 0, 0, 0, 0
1520624680.531750, 0, 0, 0, 0, 0
1520624680.555754, 0, 0, 0, 0, 0
1520624680.579833, 0, 0, 0, 0, 0
1520624680.603767, 0, 0, 0, 0, 0
1520624680.627775, 0, 0, 0, 0, 0
1520624680.651728, 0, 0, 0, 0, 0
1520624680.675808, 0, 0, 0, 0, 0
1520624680.699705, 0, 0, 0, 0, 0
1520624680.723747, 0, 0, 0, 0, 0
1520624680.747722, 0, 0, 0, 0, 0
1520624680.771757, 0, 0, 0, 0, 0
1520624680.795766, 0, 0, 0, 0, 0
1520624680.819756, 0, 0, 0, 0, 0
1520624680.843751, 0, 0, 0, 0, 0
1520624680.867781, 0, 0, 0, 0, 0
1520624680.891733, 0, 0, 0, 0, 0
1520624680.915802, 0, 0, 0, 0, 0
1520624680.939760, 0, 0, 0, 0, 0
1520624680.963793, 0, 0, 0, 0, 0
1520624680.987795, 0, 0, 0, 0, 0
1520624681.011788, 0, 0, 0, 0, 0
1520624681.035726, 0, 0, 0, 0, 0
1520624681.059788, 0, 0, 0, 0, 0
1520624681.083725, 0, 0, 0, 0, 0
1520624681.107726, 0, 0, 0, 0, 0
1520624681.131716, 0, 0, 0, 0, 0
1520624681.155733, 0, 0, 0, 0, 0
1520624681.179747, 0, 0, 0, 0, 0
1520624681.203743, 0, 0, 0, 0, 0
1520624681.227766, 0, 0, 0, 0, 0
1520624681.251779, 0, 0, 0, 0, 0
1520624681.275702, 0, 0, 0, 0, 0
1520624681.299733, 0, 0, 0, 0, 0
1520624681.323708, 0, 0, 0, 0, 0
1520624681.347689, 0, 0, 0, 0, 0
1520624681.371727, 0, 0, 0, 0, 0
1520624681.395720, 0, 0, 0, 0, 0
1520624681.419756, 0, 0, 0, 0, 0
1520624681.443778, 0, 0, 0, 0, 0
1520624681.467697, 0, 0, 0, 0, 0
1520624681.491705, 0, 0, 0, 0, 0
1520624681.515714, 0, 0, 0, 0, 0
1520624681.539757, 0, 0, 0, 0, 0
1520624681.563751, 0, 0, 0, 0, 0
1520624681.587715, 0, 0, 0, 0, 0
1520624681.611721, 0, 0, 0, 0, 0
1520624681.635686, 0, 0, 0, 0, 0
1520624681.659685, 0, 0, 0, 0, 0
1520624681.683686, 0, 0, 0, 0, 0
1520624681.707722, 0, 0, 0, 0, 0
1520624681.731748, 0, 0, 0, 0, 0
1520624681.755736, 0, 0, 0, 0, 0
1520624681.779700, 0, 0, 0, 0, 0
1520624681.803728, 0, 0, 0, 0, 0
1520624681.827727, 0, 0, 0, 0, 0
1520624681.851686, 0, 0, 0, 0, 0
1520624681.875698, 0, 0, 0, 0, 0
1520624681.899756, 0, 0, 0, 0, 0
1520624681.923741, 0, 0, 0, 0, 0
1520624681.947759, 0, 0, 0, 0, 0
1520624681.971730, 0, 0, 0, 0, 0
1520624681.995670, 0, 0, 0, 0, 0
1520624682.019732, 0, 0, 0, 0, 0
1520624682.043713, 0, 0, 0, 0, 0
1520624682.067716, 0, 0, 0, 0, 0
1520624682.091745, 0, 0, 0, 0, 0
1520624682.115756, 0, 0, 0, 0, 0
1520624682.139723, 0, 0, 0, 0, 0
1520624682.163666, 0, 0, 0, 0, 0
1520624682.187675, 0, 0, 0, 0, 0
1520624682.211673, 0, 0, 0, 0, 0
1520624682.235690, 0, 0, 0, 0, 0
1520624682.259730, 0, 0, 0, 0, 0
1520624682.283701, 0, 0, 0, 0, 0
1520624682.307677, 0, 0, 0, 0, 0
1520624682.331692, 0, 0, 0, 0, 0
1520624682.355717, 0, 0, 0, 0, 0
1520624682.379688, 0, 0, 0, 0, 0
1520624682.403753, 0, 0, 0, 0, 0
1520624682.427725, 0, 0, 0, 0, 0
1520624682.451690, 0, 0, 0, 0, 0
1520624682.475688, 0, 0, 0, 0, 0
1520624682.499678, 0, 0, 0, 0, 0
1520624682.523659, 0, 0, 0, 0, 0
1520624682.547714, 0, 0, 0, 0, 0
1520624682.571720, 0, 0, 0, 0, 0
1520624682.595683, 0, 0, 0, 0, 0
1520624682.619693, 0, 0, 0, 0, 0
1520624682.643696, 0, 0, 0, 0, 0
1520624682.667674, 0, 0, 0, 0, 0
1520624682.691656, 0, 0, 0, 0, 0
1520624682.715663, 0, 0, 0, 0, 0
1520624682.739681, 0, 0, 0, 0, 0
1520624682.763691, 0, 0, 0, 0, 0
1520624682.787743, 0, 0, 0, 0, 0
1520624682.811689, 0, 0, 0, 0, 0
1520624682.835665, 0, 0, 0, 0, 0
1520624682.859709, 0, 0, 0, 0, 0
1520624682.883728, 0, 0, 0, 0, 0
1520624682.907701, 0, 0, 0, 0, 0
1520624682.931757, 0, 0, 0, 0, 0
1520624682.955753, 0, 0, 0, 0, 0
1520624682.979768, 0, 0, 0, 0, 0
1520624683.003661, 0, 0, 0, 0, 0
1520624683.027763, 0, 0, 0, 0, 0
1520624683.051688, 0, 0, 0, 0, 0
1520624683.075703, 0, 0, 0, 0, 0
1520624683.099698, 0, 0, 0, 0, 0
1520624683.123720, 0, 0, 0, 0, 0
1520624683.147738, 0, 0, 0, 0, 0
1520624683.171666, 0, 0, 0, 0, 0
1520624683.195656, 0, 0, 0, 0, 0
1520624683.219657, 0, 0, 0, 0, 0
1520624683.243664, 0, 0, 0, 0, 0
1520624683.267727, 0, 0, 0, 0, 0
1520624683.291685, 0, 0, 0, 0, 0
1520624683.315680, 0, 0, 0, 0, 0
1520624683.339669, 0, 0, 0, 0, 0
1520624683.363649, 0, 0, 0, 0, 0
1520624683.387692, 0, 0, 0, 0, 0
1520624683.411651, 0, 0, 0, 0, 0
1520624683.435677, 0, 0, 0, 0, 0
1520624683.459655, 0, 0, 0, 0, 0
1520624683.483688, 0, 0, 0, 0, 0
1520624683.507663, 0, 0, 0, 0, 0
1520624683.531650, 0, 0, 0, 0, 0
1520624683.555650, 0, 0, 0, 0, 0
1520624683.579647, 0, 0, 0, 0, 0
1520624683.603638, 0, 0, 0, 0, 0
1520624683.627661, 0, 0, 0, 0, 0
1520624683.651725, 0, 0, 0, 0, 0
1520624683.675667, 0, 0, 0, 0, 0
1520624683.699640, 0, 0, 0, 0, 0
1520624683.723657, 0, 0, 0, 0, 0
1520624683.747684, 0, 0, 0, 0, 0
1520624683.771662, 0, 0, 0, 0, 0
1520624683.795697, 0, 0, 0, 0, 0
1520624683.819665, 0, 0, 0, 0, 0
1520624683.843787, 0, 0, 0, 0, 0
1520624683.867723, 0, 0, 0, 0, 0
1520624683.891638, 0, 0, 0, 0, 0
1520624683.915658, 0, 0, 0, 0, 0
1520624683.939634, 0, 0, 0, 0, 0
1520624683.963701, 0, 0, 0, 0, 0
1520624683.987663, 0, 0, 0, 0, 0
1520624684.011695, 0, 0, 0, 0, 0
1520624684.035680, 0, 0, 0, 0, 0
1520624684.059635, 0, 0, 0, 0, 0
1520624684.083665, 0, 0, 0, 0, 0
1520624684.107682, 0, 0, 0, 0, 0
1520624684.131687, 0, 0, 0, 0, 0
1520624684.155715, 0, 0, 0, 0, 0
1520624684.179660, 0, 0, 0, 0, 0
1520624684.203703, 0, 0, 0, 0, 0
1520624684.227657, 0, 0, 0, 0, 0
1520624684.251607, 0, 0, 0, 0, 0
1520624684.275623, 0, 0, 0, 0, 0
1520624684.299692, 0, 0, 0, 0, 0
1520624684.323653, 0, 0, 0, 0, 0
1520624684.347692, 0, 0, 0, 0, 0
1520624684.371653, 0, 0, 0, 0, 0
1520624684.395662, 0, 0, 0, 0, 0
1520624684.419626, 0, 0, 0, 0, 0
1520624684.443626, 0, 0, 0, 0, 0
1520624684.467615, 0, 0, 0, 0, 0
1520624684.491657, 0, 0, 0, 0, 0
1520624684.515692, 0, 0, 0, 0, 0
1520624684.539727, 0, 0, 0, 0, 0
1520624684.563654, 0, 0, 0, 0, 0
1520624684.587617, 0, 0, 0, 0, 0
1520624684.611626, 0, 0, 0, 0, 0
1520624684.635670, 0, 0, 0, 0, 0
1520624684.659642, 0, 0, 0, 0, 0
1520624684.683657, 0, 0, 0, 0, 0
1520624684.707671, 0, 0, 0, 0, 0
1520624684.731603, 0, 0, 0, 0, 0
1520624684.755606, 0, 0, 0, 0, 0
1520624684.779577, 0, 0, 0, 0, 0
1520624684.803566, 0, 0, 0, 0, 0
1520624684.827578, 0, 0, 0, 0, 0
1520624684.851656, 0, 0, 0, 0, 0
1520624684.875681, 0, 0, 0, 0, 0
1520624684.899618, 0, 0, 0, 0, 0
1520624684.923618, 0, 0, 0, 0, 0
1520624684.947642, 0, 0, 0, 0, 0
1520624684.971606, 0, 0, 0, 0, 0
1520624684.995635, 0, 0, 0, 0, 0
1520624685.019670, 0, 0, 0, 0, 0
1520624685.043645, 0, 0, 0, 0, 0
1520624685.067647, 0, 0, 0, 0, 0
1520624685.091642, 0, 0, 0, 0, 0
1520624685.115644, 0, 0, 0, 0, 0
1520624685.139612, 0, 0, 0, 0, 0
1520624685.163651, 0, 0, 0, 0, 0
1520624685.187670, 0, 0, 0, 0, 0
1520624685.211616, 0, 0, 0, 0, 0
1520624685.235657, 0, 0, 0, 0, 0
1520624685.259642, 0, 0, 0, 0, 0
1520624685.283627, 0, 0, 0, 0, 0
1520624685.307673, 0, 0, 0, 0, 0
1520624685.331644, 0, 0, 0, 0, 0
1520624685.355644, 0, 0, 0, 0, 0
1520624685.379615, 0, 0, 0, 0, 0
1520624685.403656, 0, 0, 0, 0, 0
1520624685.427600, 0, 0, 0, 0, 0
1520624685.451652, 0, 0, 0, 0, 0
1520624685.475622, 0, 0, 0, 0, 0
1520624685.499556, 0, 0, 0, 0, 0
1520624685.523655, 0, 0, 0, 0, 0
1520624685.547611, 0, 0, 0, 0, 0
1520624685.571609, 0, 0, 0, 0, 0
1520624685.595631, 0, 0, 0, 0, 0
1520624685.619574, 0, 0, 0, 0, 0
1520624685.643600, 0, 0, 0, 0, 0
1520624685.667628, 0, 0, 0, 0, 0
1520624685.691584, 0, 0, 0, 0, 0
1520624685.715679, 0, 0, 0, 0, 0
1520624685.739655, 0, 0, 0, 0, 0
1520624685.763656, 0, 0, 0, 0, 0
1520624685.787573, 0, 0, 0, 0, 0
1520624685.811602, 0, 0, 0, 0, 0
1520624685.835617, 0, 0, 0, 0, 0
1520624685.859626, 0, 0, 0, 0, 0
1520624685.883590, 0, 0, 0, 0, 0
1520624685.907571, 0, 0, 0, 0, 0
1520624685.931570, 0, 0, 0, 0, 0
1520624685.955560, 0, 0, 0, 0, 0
1520624685.979671, 0, 0, 0, 0, 0
1520624686.003625, 0, 0, 0, 0, 0
1520624686.027674, 0, 0, 0, 0, 0
1520624686.051609, 0, 0, 0, 0, 0
1520624686.075601, 0, 0, 0, 0, 0
1520624686.099542, 0, 0, 0, 0, 0
1520624686.123601, 0, 0, 0, 0, 0
1520624686.147637, 0, 0, 0, 0, 0
1520624686.171657, 0, 0, 0, 0, 0
1520624686.195602, 0, 0, 0, 0, 0
1520624686.219610, 0, 0, 0, 0, 0
1520624686.243562, 0, 0, 0, 0, 0
1520624686.267671, 0, 0, 0, 0, 0
1520624686.291647, 0, 0, 0, 0, 0
1520624686.315654, 0, 0, 0, 0, 0
1520624686.339585, 0, 0, 0, 0, 0
1520624686.363571, 0, 0, 0, 0, 0
1520624686.387608, 0, 0, 0, 0, 0
1520624686.411578, 0, 0, 0, 0, 0
1520624686.435586, 0, 0, 0, 0, 0
1520624686.459644, 0, 0, 0, 0, 0
1520624686.483582, 0, 0, 0, 0, 0
1520624686.507575, 0, 0, 0, 0, 0
1520624686.531617, 0, 0, 0, 0, 0
1520624686.555610, 0, 0, 0, 0, 0
1520624686.579565, 0, 0, 0, 0, 0
1520624686.603626, 0, 0, 0, 0, 0
1520624686.627636, 0, 0, 0, 0, 0
1520624686.651585, 0, 0, 0, 0, 0
1520624686.675624, 0, 0, 0, 0, 0
1520624686.699586, 0, 0, 0, 0, 0
1520624686.723563, 0, 0, 0, 0, 0
1520624686.747592, 0, 0, 0, 0, 0
1520624686.771567, 0, 0, 0, 0, 0
1520624686.795587, 0, 0, 0, 0, 0
1520624686.819632, 0, 0, 0, 0, 0
1520624686.843619, 0, 0, 0, 0, 0
1520624686.867610, 0, 0, 0, 0, 0
1520624686.891619, 0, 0, 0, 0, 0
1520624686.915576, 0, 0, 0, 0, 0
1520624686.939628, 0, 0, 0, 0, 0
1520624686.963597, 0, 0, 0, 0, 0
1520624686.987578, 0, 0, 0, 0, 0
1520624687.011600, 0, 0, 0, 0, 0
1520624687.035587, 0, 0, 0, 0, 0
1520624687.059561, 0, 0, 0, 0, 0
1520624687.083567, 0, 0, 0, 0, 0
1520624687.107533, 0, 0, 0, 0, 0
1520624687.131614, 0, 0, 0, 0, 0
1520624687.155564, 0, 0, 0, 0, 0
1520624687.179564, 0, 0, 0, 0, 0
1520624687.203589, 0, 0, 0, 0, 0
1520624687.227549, 0, 0, 0, 0, 0
1520624687.251541, 0, 0, 0, 0, 0
1520624687.275539, 0, 0, 0, 0, 0
1520624687.299563, 0, 0, 0, 0, 0
1520624687.323574, 0, 0, 0, 0, 0
1520624687.347617, 0, 0, 0, 0, 0
1520624687.371613, 0, 0, 0, 0, 0
1520624687.395545, 0, 0, 0, 0, 0
1520624687.419533, 0, 0, 0, 0, 0
1520624687.443558, 0, 0, 0, 0, 0
1520624687.467609, 0, 0, 0, 0, 0
1520624687.491611, 0, 0, 0, 0, 0
1520624687.515554, 0, 0, 0, 0, 0
1520624687.539571, 0, 0, 0, 0, 0
1520624687.563584, 0, 0, 0, 0, 0
1520624687.587584, 0, 0, 0, 0, 0
1520624687.611642, 0, 0, 0, 0, 0
1520624687.635555, 0, 0, 0, 0, 0
1520624687.659622, 0, 0, 0, 0, 0
1520624687.683614, 0, 0, 0, 0, 0
1520624687.707595, 0, 0, 0, 0, 0
1520624687.731582, 0, 0, 0, 0, 0
1520624687.755595, 0, 0, 0, 0, 0
1520624687.779588, 0, 0, 0, 0, 0
1520624687.803595, 0, 0, 0, 0, 0
1520624687.827588, 0, 0, 0, 0, 0
1520624687.851600, 0, 0, 0, 0, 0
1520624687.875573, 0, 0, 0, 0, 0
1520624687.899581, 0, 0, 0, 0, 0
1520624687.923555, 0, 0, 0, 0, 0
1520624687.947544, 0, 0, 0, 0, 0
1520624687.971534, 0, 0, 0, 0, 0
1520624687.995546, 0, 0, 0, 0, 0
1520624688.019542, 0, 0, 0, 0, 0
1520624688.043576, 0, 0, 0, 0, 0
1520624688.067523, 0, 0, 0, 0, 0
1520624688.091538, 0, 0, 0, 0, 0
1520624688.115529, 0, 0, 0, 0, 0
1520624688.139552, 0, 0, 0, 0, 0
1520624688.163572, 0, 0, 0, 0, 0
1520624688.187526, 0, 0, 0, 0, 0
1520624688.211519, 0, 0, 0, 0, 0
1520624688.235516, 0, 0, 0, 0, 0
1520624688.259502, 0, 0, 0, 0, 0
1520624688.283518, 0, 0, 0, 0, 0
1520624688.307552, 0, 0, 0, 0, 0
1520624688.331554, 0, 0, 0, 0, 0
1520624688.355597, 0, 0, 0, 0, 0
1520624688.379549, 0, 0, 0, 0, 0
1520624688.403522, 0, 0, 0, 0, 0
1520624688.427543, 0, 0, 0, 0, 0
1520624688.451523, 0, 0, 0, 0, 0
1520624688.475600, 0, 0, 0, 0, 0
1520624688.499588, 0, 0, 0, 0, 0
1520624688.523588, 0, 0, 0, 0, 0
1520624688.547576, 0, 0, 0, 0, 0
1520624688.571569, 0, 0, 0, 0, 0
1520624688.595550, 0, 0, 0, 0, 0
1520624688.619561, 0, 0, 0, 0, 0
1520624688.643561, 0, 0, 0, 0, 0
1520624688.667542, 0, 0, 0, 0, 0
1520624688.691536, 0, 0, 0, 0, 0
1520624688.715501, 0, 0, 0, 0, 0
1520624688.739485, 0, 0, 0, 0, 0
1520624688.763461, 0, 0, 0, 0, 0
1520624688.787550, 0, 0, 0, 0, 0
1520624688.811507, 0, 0, 0, 0, 0
1520624688.835505, 0, 0, 0, 0, 0
1520624688.859498, 0, 0, 0, 0, 0
1520624688.883509, 0, 0, 0, 0, 0
1520624688.907458, 0, 0, 0, 0, 0
1520624688.931448, 0, 0, 0, 0, 0
1520624688.955501, 0, 0, 0, 0, 0
1520624688.979497, 0, 0, 0, 0, 0
1520624689.003499, 0, 0, 0, 0, 0
1520624689.027527, 0, 0, 0, 0, 0
1520624689.051523, 0, 0, 0, 0, 0
1520624689.075497, 0, 0, 0, 0, 0
1520624689.099476, 0, 0, 0, 0, 0
1520624689.123500, 0, 0, 0, 0, 0
1520624689.147491, 0, 0, 0, 0, 0
1520624689.171494, 0, 0, 0, 0, 0
1520624689.195477, 0, 0, 0, 0, 0
1520624689.219500, 0, 0, 0, 0, 0
1520624689.243512, 0, 0, 0, 0, 0
1520624689.267473, 0, 0, 0, 0, 0
1520624689.291482, 0, 0, 0, 0, 0
1520624689.315478, 0, 0, 0, 0, 0
1520624689.339537, 0, 0, 0, 0, 0
1520624689.363559, 0, 0, 0, 0, 0
1520624689.387568, 0, 0, 0, 0, 0
1520624689.411580, 0, 0, 0, 0, 0
1520624689.435494, 0, 0, 0, 0, 0
1520624689.459476, 0, 0, 0, 0, 0
1520624689.483490, 0, 0, 0, 0, 0
1520624689.507504, 0, 0, 0, 0, 0
1520624689.531542, 0, 0, 0, 0, 0
1520624689.555503, 0, 0, 0, 0, 0
1520624689.579553, 0, 0, 0, 0, 0
1520624689.603527, 0, 0, 0, 0, 0
1520624689.627512, 0, 0, 0, 0, 0
1520624689.651489, 0, 0, 0, 0, 0
1520624689.675533, 0, 0, 0, 0, 0
1520624689.699507, 0, 0, 0, 0, 0
1520624689.723487, 0, 0, 0, 0, 0
1520624689.747487, 0, 0, 0, 0, 0
1520624689.771524, 0, 0, 0, 0, 0
1520624689.795551, 0, 0, 0, 0, 0
1520624689.819526, 0, 0, 0, 0, 0
1520624689.843529, 0, 0, 0, 0, 0
1520624689.867512, 0, 0, 0, 0, 0
1520624689.891493, 0, 0, 0, 0, 0
1520624689.915507, 0, 0, 0, 0, 0
1520624689.939502, 0, 0, 0, 0, 0
1520624689.963512, 0, 0, 0, 0, 0
1520624689.987489, 0, 0, 0, 0, 0
1520624690.011491, 0, 0, 0, 0, 0
1520624690.035542, 0, 0, 0, 0, 0
1520624690.059523, 0, 0, 0, 0, 0
1520624690.083510, 0, 0, 0, 0, 0
1520624690.107476, 0, 0, 0, 0, 0
1520624690.131500, 0, 0, 0, 0, 0
1520624690.155457, 0, 0, 0, 0, 0
1520624690.179506, 0, 0, 0, 0, 0
1520624690.203494, 0, 0, 0, 0, 0
1520624690.227483, 0, 0, 0, 0, 0
1520624690.251486, 0, 0, 0, 0, 0
1520624690.275473, 0, 0, 0, 0, 0
1520624690.299494, 0, 0, 0, 0, 0
1520624690.323511, 0, 0, 0, 0, 0
1520624690.347526, 0, 0, 0, 0, 0
1520624690.371448, 0, 0, 0, 0, 0
1520624690.395477, 0, 0, 0, 0, 0
1520624690.419485, 0, 0, 0, 0, 0
1520624690.443484, 0, 0, 0, 0, 0
1520624690.467468, 0, 0, 0, 0, 0
1520624690.491501, 0, 0, 0, 0, 0
1520624690.515469, 0, 0, 0, 0, 0
1520624690.539465, 0, 0, 0, 0, 0
1520624690.563541, 0, 0, 0, 0, 0
1520624690.587536, 0, 0, 0, 0, 0
1520624690.611508, 0, 0, 0, 0, 0
1520624690.635456, 0, 0, 0, 0, 0
1520624690.659478, 0, 0, 0, 0, 0
1520624690.683504, 0, 0, 0, 0, 0
1520624690.707529, 0, 0, 0, 0, 0
1520624690.731551, 0, 0, 0, 0, 0
1520624690.755480, 0, 0, 0, 0, 0
1520624690.779491, 0, 0, 0, 0, 0
1520624690.803488, 0, 0, 0, 0, 0
1520624690.827494, 0, 0, 0, 0, 0
1520624690.851469, 0, 0, 0, 0, 0
1520624690.875498, 0, 0, 0, 0, 0
1520624690.899490, 0, 0, 0, 0, 0
1520624690.923480, 0, 0, 0, 0, 0
1520624690.947462, 0, 0, 0, 0, 0
1520624690.971522, 0, 0, 0, 0, 0
1520624690.995445, 0, 0, 0, 0, 0
1520624691.019481, 0, 0, 0, 0, 0
1520624691.043444, 0, 0, 0, 0, 0
1520624691.067453, 0, 0, 0, 0, 0
1520624691.091488, 0, 0, 0, 0, 0
1520624691.115499, 0, 0, 0, 0, 0
1520624691.139475, 0, 0, 0, 0, 0
1520624691.163486, 0, 0, 0, 0, 0
1520624691.187407, 0, 0, 0, 0, 0
1520624691.211499, 0, 0, 0, 0, 0
1520624691.235491, 0, 0, 0, 0, 0
1520624691.259542, 0, 0, 0, 0, 0
1520624691.283475, 0, 0, 0, 0, 0
1520624691.307474, 0, 0, 0, 0, 0
1520624691.331468, 0, 0, 0, 0, 0
1520624691.355471, 0, 0, 0, 0, 0
1520624691.379458, 0, 0, 0, 0, 0
1520624691.403489, 0, 0, 0, 0, 0
1520624691.427473, 0, 0, 0, 0, 0
1520624691.451453, 0, 0, 0, 0, 0
1520624691.475508, 0, 0, 0, 0, 0
1520624691.499508, 0, 0, 0, 0, 0
1520624691.523465, 0, 0, 0, 0, 0
1520624691.547485, 0, 0, 0, 0, 0
1520624691.571481, 0, 0, 0, 0, 0
1520624691.595484, 0, 0, 0, 0, 0
1520624691.619477, 0, 0, 0, 0, 0
1520624691.643505, 0, 0, 0, 0, 0
1520624691.667498, 0, 0, 0, 0, 0
1520624691.691479, 0, 0, 0, 0, 0
1520624691.715432, 0, 0, 0, 0, 0
1520624691.739421, 0, 0, 0, 0, 0
1520624691.763494, 0, 0, 0, 0, 0
1520624691.787473, 0, 0, 0, 0, 0
1520624691.811442, 0, 0, 0, 0, 0
1520624691.835498, 0, 0, 0, 0, 0
1520624691.859508, 0, 0, 0, 0, 0
1520624691.883445, 0, 0, 0, 0, 0
1520624691.907418, 0, 0, 0, 0, 0
1520624691.931478, 0, 0, 0, 0, 0
1520624691.955450, 0, 0, 0, 0, 0
1520624691.979524, 0, 0, 0, 0, 0
1520624692.003436, 0, 0, 0, 0, 0
1520624692.027447, 0, 0, 0, 0, 0
1520624692.051456, 0, 0, 0, 0, 0
1520624692.075453, 0, 0, 0, 0, 0
1520624692.099420, 0, 0, 0, 0, 0
1520624692.123472, 0, 0, 0, 0, 0
1520624692.147424, 0, 0, 0, 0, 0
1520624692.171455, 0, 0, 0, 0, 0
1520624692.195424, 0, 0, 0, 0, 0
1520624692.219437, 0, 0, 0, 0, 0
1520624692.243482, 0, 0, 0, 0, 0
1520624692.267437, 0, 0, 0, 0, 0
1520624692.291445, 0, 0, 0, 0, 0
1520624692.315428, 0, 0, 0, 0, 0
1520624692.339479, 0, 0, 0, 0, 0
1520624692.363415, 0, 0, 0, 0, 0
1520624692.387400, 0, 0, 0, 0, 0
1520624692.411438, 0, 0, 0, 0, 0
1520624692.435461, 0, 0, 0, 0, 0
1520624692.459431, 0, 0, 0, 0, 0
1520624692.483476, 0, 0, 0, 0, 0
1520624692.507419, 0, 0, 0, 0, 0
1520624692.531405, 0, 0, 0, 0, 0
1520624692.555402, 0, 0, 0, 0, 0
1520624692.579430, 0, 0, 0, 0, 0
1520624692.603372, 0, 0, 0, 0, 0
1520624692.627467, 0, 0, 0, 0, 0
1520624692.651421, 0, 0, 0, 0, 0
1520624692.675444, 0, 0, 0, 0, 0
1520624692.699460, 0, 0, 0, 0, 0
1520624692.723385, 0, 0, 0, 0, 0
1520624692.747387, 0, 0, 0, 0, 0
1520624692.771480, 0, 0, 0, 0, 0
1520624692.795422, 0, 0, 0, 0, 0
1520624692.819460, 0, 0, 0, 0, 0
1520624692.843420, 0, 0, 0, 0, 0
1520624692.867454, 0, 0, 0, 0, 0
1520624692.891413, 0, 0, 0, 0, 0
1520624692.915411, 0, 0, 0, 0, 0
1520624692.939432, 0, 0, 0, 0, 0
1520624692.963388, 0, 0, 0, 0, 0
1520624692.987427, 0, 0, 0, 0, 0
1520624693.011407, 0, 0, 0, 0, 0
1520624693.035410, 0, 0, 0, 0, 0
1520624693.059446, 0, 0, 0, 0, 0
1520624693.083462, 0, 0, 0, 0, 0
1520624693.107378, 0, 0, 0, 0, 0
1520624693.131382, 0, 0, 0, 0, 0
1520624693.155400, 0, 0, 0, 0, 0
1520624693.179416, 0, 0, 0, 0, 0
1520624693.203407, 0, 0, 0, 0, 0
1520624693.227398, 0, 0, 0, 0, 0
1520624693.251424, 0, 0, 0, 0, 0
1520624693.275404, 0, 0, 0, 0, 0
1520624693.299457, 0, 0, 0, 0, 0
1520624693.323386, 0, 0, 0, 0, 0
1520624693.347425, 0, 0, 0, 0, 0
1520624693.371396, 0, 0, 0, 0, 0
1520624693.395445, 0, 0, 0, 0, 0
1520624693.419442, 0, 0, 0, 0, 0
1520624693.443393, 0, 0, 0, 0, 0
1520624693.467364, 0, 0, 0, 0, 0
1520624693.491379, 0, 0, 0, 0, 0
1520624693.515395, 0, 0, 0, 0, 0
1520624693.539427, 0, 0, 0, 0, 0
1520624693.563422, 0, 0, 0, 0, 0
1520624693.587386, 0, 0, 0, 0, 0
1520624693.611432, 0, 0, 0, 0, 0
1520624693.635381, 0, 0, 0, 0, 0
1520624693.659432, 0, 0, 0, 0, 0
1520624693.683441, 0, 0, 0, 0, 0
1520624693.707432, 0, 0, 0, 0, 0
1520624693.731429, 0, 0, 0, 0, 0
1520624693.755480, 0, 0, 0, 0, 0
1520624693.779357, 0, 0, 0, 0, 0
1520624693.803430, 0, 0, 0, 0, 0
1520624693.827426, 0, 0, 0, 0, 0
1520624693.851367, 0, 0, 0, 0, 0
1520624693.875407, 0, 0, 0, 0, 0
1520624693.899379, 0, 0, 0, 0, 0
1520624693.923384, 0, 0, 0, 0, 0
1520624693.947432, 0, 0, 0, 0, 0
1520624693.971390, 0, 0, 0, 0, 0
1520624693.995371, 0, 0, 0, 0, 0
1520624694.019360, 0, 0, 0, 0, 0
1520624694.043355, 0, 0, 0, 0, 0
1520624694.067390, 0, 0, 0, 0, 0
1520624694.091431, 0, 0, 0, 0, 0
1520624694.115380, 0, 0, 0, 0, 0
1520624694.139376, 0, 0, 0, 0, 0
1520624694.163332, 0, 0, 0, 0, 0
1520624694.187362, 0, 0, 0, 0, 0
1520624694.211388, 0, 0, 0, 0, 0
1520624694.235368, 0, 0, 0, 0, 0
1520624694.259412, 0, 0, 0, 0, 0
1520624694.283393, 0, 0, 0, 0, 0
1520624694.307406, 0, 0, 0, 0, 0
1520624694.331358, 0, 0, 0, 0, 0
1520624694.355425, 0, 0, 0, 0, 0
1520624694.379428, 0, 0, 0, 0, 0
1520624694.403416, 0, 0, 0, 0, 0
1520624694.427444, 0, 0, 0, 0, 0
1520624694.451370, 0, 0, 0, 0, 0
1520624694.475375, 0, 0, 0, 0, 0
1520624694.499382, 0, 0, 0, 0, 0
1520624694.523337, 0, 0, 0, 0, 0
1520624694.547385, 0, 0, 0, 0, 0
1520624694.571362, 0, 0, 0, 0, 0
1520624694.595423, 0, 0, 0, 0, 0
1520624694.619394, 0, 0, 0, 0, 0
1520624694.643362, 0, 0, 0, 0, 0
1520624694.667380, 0, 0, 0, 0, 0
1520624694.691359, 0, 0, 0, 0, 0
1520624694.715357, 0, 0, 0, 0, 0
1520624694.739449, 0, 0, 0, 0, 0
1520624694.763453, 0, 0, 0, 0, 0
1520624694.787380, 0, 0, 0, 0, 0
1520624694.811346, 0, 0, 0, 0, 0
1520624694.835338, 0, 0, 0, 0, 0
1520624694.859390, 0, 0, 0, 0, 0
1520624694.883335, 0, 0, 0, 0, 0
1520624694.907448, 0, 0, 0, 0, 0
1520624694.931425, 0, 0, 0, 0, 0
1520624694.955384, 0, 0, 0, 0, 0
1520624694.979388, 0, 0, 0, 0, 0
1520624695.003370, 0, 0, 0, 0, 0
1520624695.027382, 0, 0, 0, 0, 0
1520624695.051352, 0, 0, 0, 0, 0
1520624695.075414, 0, 0, 0, 0, 0
1520624695.099369, 0, 0, 0, 0, 0
1520624695.123398, 0, 0, 0, 0, 0
1520624695.147361, 0, 0, 0, 0, 0
1520624695.171340, 0, 0, 0, 0, 0
1520624695.195333, 0, 0, 0, 0, 0
1520624695.219383, 0, 0, 0, 0, 0
1520624695.243338, 0, 0, 0, 0, 0
1520624695.267390, 0, 0, 0, 0, 0
1520624695.291407, 0, 0, 0, 0, 0
1520624695.315349, 0, 0, 0, 0, 0
1520624695.339332, 0, 0, 0, 0, 0
1520624695.363341, 0, 0, 0, 0, 0
1520624695.387337, 0, 0, 0, 0, 0
1520624695.411323, 0, 0, 0, 0, 0
1520624695.435310, 0, 0, 0, 0, 0
1520624695.459362, 0, 0, 0, 0, 0
1520624695.483337, 0, 0, 0, 0, 0
1520624695.507370, 0, 0, 0, 0, 0
1520624695.531315, 0, 0, 0, 0, 0
1520624695.555339, 0, 0, 0, 0, 0
1520624695.579332, 0, 0, 0, 0, 0
1520624695.603347, 0, 0, 0, 0, 0
1520624695.627380, 0, 0, 0, 0, 0
1520624695.651405, 0, 0, 0, 0, 0
1520624695.675359, 0, 0, 0, 0, 0
1520624695.699308, 0, 0, 0, 0, 0
1520624695.723325, 0, 0, 0, 0, 0
1520624695.747335, 0, 0, 0, 0, 0
1520624695.771389, 0, 0, 0, 0, 0
1520624695.795335, 0, 0, 0, 0, 0
1520624695.819334, 0, 0, 0, 0, 0
1520624695.843310, 0, 0, 0, 0, 0
1520624695.867337, 0, 0, 0, 0, 0
1520624695.891337, 0, 0, 0, 0, 0
1520624695.915292, 0, 0, 0, 0, 0
1520624695.939382, 0, 0, 0, 0, 0
1520624695.963355, 0, 0, 0, 0, 0
1520624695.987323, 0, 0, 0, 0, 0
1520624696.011331, 0, 0, 0, 0, 0
1520624696.035300, 0, 0, 0, 0, 0
1520624696.059369, 0, 0, 0, 0, 0
1520624696.083284, 0, 0, 0, 0, 0
1520624696.107336, 0, 0, 0, 0, 0
1520624696.131329, 0, 0, 0, 0, 0
1520624696.155341, 0, 0, 0, 0, 0
1520624696.179352, 0, 0, 0, 0, 0
1520624696.203342, 0, 0, 0, 0, 0
1520624696.227306, 0, 0, 0, 0, 0
1520624696.251290, 0, 0, 0, 0, 0
1520624696.275382, 0, 0, 0, 0, 0
1520624696.299375, 0, 0, 0, 0, 0
1520624696.323388, 0, 0, 0, 0, 0
1520624696.347341, 0, 0, 0, 0, 0
1520624696.371344, 0, 0, 0, 0, 0
1520624696.395334, 0, 0, 0, 0, 0
1520624696.419338, 0, 0, 0, 0, 0
1520624696.443303, 0, 0, 0, 0, 0
1520624696.467322, 0, 0, 0, 0, 0
1520624696.491353, 0, 0, 0, 0, 0
1520624696.515320, 0, 0, 0, 0, 0
1520624696.539346, 0, 0, 0, 0, 0
1520624696.563348, 0, 0, 0, 0, 0
1520624696.587290, 0, 0, 0, 0, 0
1520624696.611345, 0, 0, 0, 0, 0
1520624696.635313, 0, 0, 0, 0, 0
1520624696.659342, 0, 0, 0, 0, 0
1520624696.683302, 0, 0, 0, 0, 0
1520624696.707302, 0, 0, 0, 0, 0
1520624696.731279, 0, 0, 0, 0, 0
1520624696.755309, 0, 0, 0, 0, 0
1520624696.779270, 0, 0, 0, 0, 0
1520624696.803344, 0, 0, 0, 0, 0
1520624696.827352, 0, 0, 0, 0, 0
1520624696.851315, 0, 0, 0, 0, 0
1520624696.875339, 0, 0, 0, 0, 0
1520624696.899310, 0, 0, 0, 0, 0
1520624696.923272, 0, 0, 0, 0, 0
1520624696.947305, 0, 0, 0, 0, 0
1520624696.971297, 0, 0, 0, 0, 0
1520624696.995372, 0, 0, 0, 0, 0
1520624697.019305, 0, 0, 0, 0, 0
1520624697.043288, 0, 0, 0, 0, 0
1520624697.067327, 0, 0, 0, 0, 0
1520624697.091267, 0, 0, 0, 0, 0
1520624697.115284, 0, 0, 0, 0, 0
1520624697.139351, 0, 0, 0, 0, 0
1520624697.163349, 0, 0, 0, 0, 0
1520624697.187294, 0, 0, 0, 0, 0
1520624697.211353, 0, 0, 0, 0, 0
1520624697.235274, 0, 0, 0, 0, 0
1520624697.259265, 0, 0, 0, 0, 0
1520624697.283253, 0, 0, 0, 0, 0
1520624697.307329, 0, 0, 0, 0, 0
1520624697.331311, 0, 0, 0, 0, 0
1520624697.355293, 0, 0, 0, 0, 0
1520624697.379347, 0, 0, 0, 0, 0
1520624697.403328, 0, 0, 0, 0, 0
1520624697.427295, 0, 0, 0, 0, 0
1520624697.451257, 0, 0, 0, 0, 0
1520624697.475320, 0, 0, 0, 0, 0
1520624697.499355, 0, 0, 0, 0, 0
1520624697.523330, 0, 0, 0, 0, 0
1520624697.547327, 0, 0, 0, 0, 0
1520624697.571313, 0, 0, 0, 0, 0
1520624697.595304, 0, 0, 0, 0, 0
1520624697.619293, 0, 0, 0, 0, 0
1520624697.643243, 0, 0, 0, 0, 0
1520624697.667322, 0, 0, 0, 0, 0
1520624699.035154, 0, 0, 0, 0, 0
1520624699.059157, 0, 0, 0, 0, 0
1520624699.083158, 0, 0, 0, 0, 0
1520624699.107086, 0, 0, 0, 0, 0
1520624699.131120, 0, 0, 0, 0, 0
1520624699.155085, 0, 0, 0, 0, 0
1520624699.179110, 0, 0, 0, 0, 0
1520624699.203160, 0, 0, 0, 0, 0
1520624699.227113, 0, 0, 0, 0, 0
1520624699.251117, 0, 0, 0, 0, 0
1520624699.275100, 0, 0, 0, 0, 0
1520624699.299119, 0, 0, 0, 0, 0
1520624699.323068, 0, 0, 0, 0, 0
1520624699.347079, 0, 0, 0, 0, 0
1520624699.371087, 0, 0, 0, 0, 0
1520624699.395127, 0, 0, 0, 0, 0
1520624699.419115, 0, 0, 0, 0, 0
1520624699.443190, 0, 0, 0, 0, 0
1520624699.467097, 0, 0, 0, 0, 0
1520624699.491184, 0, 0, 0, 0, 0
1520624699.515128, 0, 0, 0, 0, 0
1520624699.539136, 0, 0, 0, 0, 0
1520624699.563077, 0, 0, 0, 0, 0
1520624699.587105, 0, 0, 0, 0, 0
1520624699.611111, 0, 0, 0, 0, 0
1520624699.635144, 0, 0, 0, 0, 0
1520624699.659134, 0, 0, 0, 0, 0
1520624699.683127, 0, 0, 0, 0, 0
1520624699.707155, 0, 0, 0, 0, 0
1520624699.731159, 0, 0, 0, 0, 0
1520624699.755167, 0, 0, 0, 0, 0
1520624699.779102, 0, 0, 0, 0, 0
1520624699.803067, 0, 0, 0, 0, 0
1520624699.827070, 0, 0, 0, 0, 0
1520624699.851086, 0, 0, 0, 0, 0
1520624699.875089, 0, 0, 0, 0, 0
1520624699.899088, 0, 0, 0, 0, 0
1520624699.923108, 0, 0, 0, 0, 0
1520624699.947148, 0, 0, 0, 0, 0
1520624699.971107, 0, 0, 0, 0, 0
1520624699.995115, 0, 0, 0, 0, 0
1520624700.019110, 0, 0, 0, 0, 0
1520624700.043076, 0, 0, 0, 0, 0
1520624700.067140, 0, 0, 0, 0, 0
1520624700.091111, 0, 0, 0, 0, 0
1520624700.115131, 0, 0, 0, 0, 0
1520624700.139174, 0, 0, 0, 0, 0
1520624700.163116, 0, 0, 0, 0, 0
1520624700.187089, 0, 0, 0, 0, 0
1520624700.211072, 0, 0, 0, 0, 0
1520624700.235118, 0, 0, 0, 0, 0
1520624700.259146, 0, 0, 0, 0, 0
1520624700.283124, 0, 0, 0, 0, 0
1520624700.307143, 0, 0, 0, 0, 0
1520624700.331115, 0, 0, 0, 0, 0
1520624700.355067, 0, 0, 0, 0, 0
1520624700.379128, 0, 0, 0, 0, 0
1520624700.403074, 0, 0, 0, 0, 0
1520624700.427074, 0, 0, 0, 0, 0
1520624700.451123, 0, 0, 0, 0, 0
1520624700.475145, 0, 0, 0, 0, 0
1520624700.499073, 0, 0, 0, 0, 0
1520624700.523130, 0, 0, 0, 0, 0
1520624700.547139, 0, 0, 0, 0, 0
1520624700.571059, 0, 0, 0, 0, 0
1520624700.595094, 0, 0, 0, 0, 0
1520624700.619102, 0, 0, 0, 0, 0
1520624700.643146, 0, 0, 0, 0, 0
1520624700.667067, 0, 0, 0, 0, 0
1520624700.691131, 0, 0, 0, 0, 0
1520624700.715061, 0, 0, 0, 0, 0
1520624700.739049, 0, 0, 0, 0, 0
1520624700.763098, 0, 0, 0, 0, 0
1520624700.787111, 0, 0, 0, 0, 0
1520624700.811143, 0, 0, 0, 0, 0
1520624700.835162, 0, 0, 0, 0, 0
1520624700.859089, 0, 0, 0, 0, 0
1520624700.883127, 0, 0, 0, 0, 0
1520624700.907067, 0, 0, 0, 0, 0
1520624700.931067, 0, 0, 0, 0, 0
1520624700.955073, 0, 0, 0, 0, 0
1520624700.979112, 0, 0, 0, 0, 0
1520624701.003137, 0, 0, 0, 0, 0
1520624701.027044, 0, 0, 0, 0, 0
1520624701.051033, 0, 0, 0, 0, 0
1520624701.075090, 0, 0, 0, 0, 0
1520624701.099050, 0, 0, 0, 0, 0
1520624701.123099, 0, 0, 0, 0, 0
1520624701.147106, 0, 0, 0, 0, 0
1520624701.171068, 0, 0, 0, 0, 0
1520624701.195066, 0, 0, 0, 0, 0
1520624701.219136, 0, 0, 0, 0, 0
1520624701.243068, 0, 0, 0, 0, 0
1520624701.267038, 0, 0, 0, 0, 0
1520624701.291067, 0, 0, 0, 0, 0
1520624701.315046, 0, 0, 0, 0, 0
1520624701.339060, 0, 0, 0, 0, 0
1520624701.363082, 0, 0, 0, 0, 0
1520624701.387069, 0, 0, 0, 0, 0
1520624701.411037, 0, 0, 0, 0, 0
1520624701.435033, 0, 0, 0, 0, 0
1520624701.459041, 0, 0, 0, 0, 0
1520624701.483073, 0, 0, 0, 0, 0
1520624701.507096, 0, 0, 0, 0, 0
1520624701.531088, 0, 0, 0, 0, 0
1520624701.555029, 0, 0, 0, 0, 0
1520624701.579034, 0, 0, 0, 0, 0
1520624701.603022, 0, 0, 0, 0, 0
1520624701.627099, 0, 0, 0, 0, 0
1520624701.651115, 0, 0, 0, 0, 0
1520624701.675052, 0, 0, 0, 0, 0
1520624701.699118, 0, 0, 0, 0, 0
1520624701.723045, 0, 0, 0, 0, 0
1520624701.747029, 0, 0, 0, 0, 0
1520624701.771042, 0, 0, 0, 0, 0
1520624701.795059, 0, 0, 0, 0, 0
1520624701.819070, 0, 0, 0, 0, 0
1520624701.843098, 0, 0, 0, 0, 0
1520624701.867050, 0, 0, 0, 0, 0
1520624701.891071, 0, 0, 0, 0, 0
1520624701.915041, 0, 0, 0, 0, 0
1520624701.939081, 0, 0, 0, 0, 0
1520624701.963076, 0, 0, 0, 0, 0
1520624701.987077, 0, 0, 0, 0, 0
1520624702.011053, 0, 0, 0, 0, 0
1520624702.035078, 0, 0, 0, 0, 0
1520624702.059070, 0, 0, 0, 0, 0
1520624702.083075, 0, 0, 0, 0, 0
1520624702.107068, 0, 0, 0, 0, 0
1520624702.131026, 0, 0, 0, 0, 0
1520624702.155042, 0, 0, 0, 0, 0
1520624702.179089, 0, 0, 0, 0, 0
1520624702.203057, 0, 0, 0, 0, 0
1520624702.227076, 0, 0, 0, 0, 0
1520624702.251020, 0, 0, 0, 0, 0
1520624702.275004, 0, 0, 0, 0, 0
1520624702.299008, 0, 0, 0, 0, 0
1520624702.323015, 0, 0, 0, 0, 0
1520624702.347005, 0, 0, 0, 0, 0
1520624702.371087, 0, 0, 0, 0, 0
1520624702.395058, 0, 0, 0, 0, 0
1520624702.419042, 0, 0, 0, 0, 0
1520624702.443026, 0, 0, 0, 0, 0
1520624702.467008, 0, 0, 0, 0, 0
1520624702.491015, 0, 0, 0, 0, 0
1520624702.515054, 0, 0, 0, 0, 0
1520624702.539029, 0, 0, 0, 0, 0
1520624702.563018, 0, 0, 0, 0, 0
1520624702.587033, 0, 0, 0, 0, 0
1520624702.611097, 0, 0, 0, 0, 0
1520624702.635102, 0, 0, 0, 0, 0
1520624702.659072, 0, 0, 0, 0, 0
1520624702.683090, 0, 0, 0, 0, 0
1520624702.707027, 0, 0, 0, 0, 0
1520624702.731037, 0, 0, 0, 0, 0
1520624702.755075, 0, 0, 0, 0, 0
1520624702.779000, 0, 0, 0, 0, 0
1520624702.803038, 0, 0, 0, 0, 0
1520624702.827000, 0, 0, 0, 0, 0
1520624702.850988, 0, 0, 0, 0, 0
1520624702.874987, 0, 0, 0, 0, 0
1520624702.899049, 0, 0, 0, 0, 0
1520624702.923001, 0, 0, 0, 0, 0
1520624702.947032, 0, 0, 0, 0, 0
1520624702.971003, 0, 0, 0, 0, 0
1520624702.995019, 0, 0, 0, 0, 0
1520624703.019078, 0, 0, 0, 0, 0
1520624703.043025, 0, 0, 0, 0, 0
1520624703.067067, 0, 0, 0, 0, 0
1520624703.091031, 0, 0, 0, 0, 0
1520624703.114980, 0, 0, 0, 0, 0
1520624703.138992, 0, 0, 0, 0, 0
1520624703.163046, 0, 0, 0, 0, 0
1520624703.187029, 0, 0, 0, 0, 0
1520624703.211071, 0, 0, 0, 0, 0
1520624703.235047, 0, 0, 0, 0, 0
1520624703.259086, 0, 0, 0, 0, 0
1520624703.283108, 0, 0, 0, 0, 0
1520624703.307033, 0, 0, 0, 0, 0
1520624703.331062, 0, 0, 0, 0, 0
1520624703.355018, 0, 0, 0, 0, 0
1520624703.379030, 0, 0, 0, 0, 0
1520624703.403036, 0, 0, 0, 0, 0
1520624703.427006, 0, 0, 0, 0, 0
1520624703.451001, 0, 0, 0, 0, 0
1520624703.475049, 0, 0, 0, 0, 0
1520624703.499042, 0, 0, 0, 0, 0
1520624703.523029, 0, 0, 0, 0, 0
1520624703.547030, 0, 0, 0, 0, 0
1520624703.571024, 0, 0, 0, 0, 0
1520624703.595008, 0, 0, 0, 0, 0
1520624703.618994, 0, 0, 0, 0, 0
1520624703.643053, 0, 0, 0, 0, 0
1520624703.667048, 0, 0, 0, 0, 0
1520624703.691054, 0, 0, 0, 0, 0
1520624703.715012, 0, 0, 0, 0, 0
1520624703.739007, 0, 0, 0, 0, 0
1520624703.762976, 0, 0, 0, 0, 0
1520624703.787050, 0, 0, 0, 0, 0
1520624703.811013, 0, 0, 0, 0, 0
1520624703.835016, 0, 0, 0, 0, 0
1520624703.859037, 0, 0, 0, 0, 0
1520624703.882980, 0, 0, 0, 0, 0
1520624703.907018, 0, 0, 0, 0, 0
1520624703.930979, 0, 0, 0, 0, 0
1520624703.954993, 0, 0, 0, 0, 0
1520624703.978987, 0, 0, 0, 0, 0
1520624704.003012, 0, 0, 0, 0, 0
1520624704.027033, 0, 0, 0, 0, 0
1520624704.051026, 0, 0, 0, 0, 0
1520624704.074969, 0, 0, 0, 0, 0
1520624704.098957, 0, 0, 0, 0, 0
1520624704.123034, 0, 0, 0, 0, 0
1520624704.146981, 0, 0, 0, 0, 0
1520624704.171039, 0, 0, 0, 0, 0
1520624704.194974, 0, 0, 0, 0, 0
1520624704.219022, 0, 0, 0, 0, 0
1520624704.243034, 0, 0, 0, 0, 0
1520624704.267011, 0, 0, 0, 0, 0
1520624704.291022, 0, 0, 0, 0, 0
1520624704.315042, 0, 0, 0, 0, 0
1520624704.338990, 0, 0, 0, 0, 0
1520624704.362989, 0, 0, 0, 0, 0
1520624704.387072, 0, 0, 0, 0, 0
1520624704.411010, 0, 0, 0, 0, 0
1520624704.435006, 0, 0, 0, 0, 0
1520624704.459008, 0, 0, 0, 0, 0
1520624704.483013, 0, 0, 0, 0, 0
1520624704.506980, 0, 0, 0, 0, 0
1520624704.531018, 0, 0, 0, 0, 0
1520624704.555004, 0, 0, 0, 0, 0
1520624704.579016, 0, 0, 0, 0, 0
1520624704.602960, 0, 0, 0, 0, 0
1520624704.626976, 0, 0, 0, 0, 0
1520624704.650976, 0, 0, 0, 0, 0
1520624704.674969, 0, 0, 0, 0, 0
1520624704.698979, 0, 0, 0, 0, 0
1520624704.722960, 0, 0, 0, 0, 0
1520624704.746993, 0, 0, 0, 0, 0
1520624704.770972, 0, 0, 0, 0, 0
1520624704.795008, 0, 0, 0, 0, 0
1520624704.818993, 0, 0, 0, 0, 0
1520624704.842965, 0, 0, 0, 0, 0
1520624704.866930, 0, 0, 0, 0, 0
1520624704.890925, 0, 0, 0, 0, 0
1520624704.914930, 0, 0, 0, 0, 0
1520624704.938948, 0, 0, 0, 0, 0
1520624704.962943, 0, 0, 0, 0, 0
1520624704.986962, 0, 0, 0, 0, 0
1520624705.010939, 0, 0, 0, 0, 0
1520624705.034992, 0, 0, 0, 0, 0
1520624705.059014, 0, 0, 0, 0, 0
1520624705.082932, 0, 0, 0, 0, 0
1520624705.106944, 0, 0, 0, 0, 0
1520624705.130980, 0, 0, 0, 0, 0
1520624705.154994, 0, 0, 0, 0, 0
1520624705.179000, 0, 0, 0, 0, 0
1520624705.203006, 0, 0, 0, 0, 0
1520624705.226967, 0, 0, 0, 0, 0
1520624705.250947, 0, 0, 0, 0, 0
1520624705.274992, 0, 0, 0, 0, 0
1520624705.298946, 0, 0, 0, 0, 0
1520624705.322976, 0, 0, 0, 0, 0
1520624705.346978, 0, 0, 0, 0, 0
1520624705.371007, 0, 0, 0, 0, 0
1520624705.395003, 0, 0, 0, 0, 0
1520624705.418935, 0, 0, 0, 0, 0
1520624705.442980, 0, 0, 0, 0, 0
1520624705.467018, 0, 0, 0, 0, 0
1520624705.490973, 0, 0, 0, 0, 0
1520624705.514996, 0, 0, 0, 0, 0
1520624705.538997, 0, 0, 0, 0, 0
1520624705.562981, 0, 0, 0, 0, 0
1520624705.586978, 0, 0, 0, 0, 0
1520624705.610989, 0, 0, 0, 0, 0
1520624705.634959, 0, 0, 0, 0, 0
1520624705.658966, 0, 0, 0, 0, 0
1520624705.682988, 0, 0, 0, 0, 0
1520624705.706979, 0, 0, 0, 0, 0
1520624705.730947, 0, 0, 0, 0, 0
1520624705.754956, 0, 0, 0, 0, 0
1520624705.778933, 0, 0, 0, 0, 0
1520624705.802923, 0, 0, 0, 0, 0
1520624705.826926, 0, 0, 0, 0, 0
1520624705.850948, 0, 0, 0, 0, 0
1520624705.874985, 0, 0, 0, 0, 0
1520624705.898962, 0, 0, 0, 0, 0
1520624705.922952, 0, 0, 0, 0, 0
1520624705.946966, 0, 0, 0, 0, 0
1520624705.970958, 0, 0, 0, 0, 0
1520624705.994993, 0, 0, 0, 0, 0
1520624706.018969, 0, 0, 0, 0, 0
1520624706.042930, 0, 0, 0, 0, 0
1520624706.066911, 0, 0, 0, 0, 0
1520624706.090955, 0, 0, 0, 0, 0
1520624706.114907, 0, 0, 0, 0, 0
1520624706.138937, 0, 0, 0, 0, 0
1520624706.162966, 0, 0, 0, 0, 0
1520624706.186899, 0, 0, 0, 0, 0
1520624706.210947, 0, 0, 0, 0, 0
1520624706.234923, 0, 0, 0, 0, 0
1520624706.258928, 0, 0, 0, 0, 0
1520624706.282917, 0, 0, 0, 0, 0
1520624706.306904, 0, 0, 0, 0, 0
1520624706.330898, 0, 0, 0, 0, 0
1520624706.354896, 0, 0, 0, 0, 0
1520624706.378905, 0, 0, 0, 0, 0
1520624706.402978, 0, 0, 0, 0, 0
1520624706.426923, 0, 0, 0, 0, 0
1520624706.450920, 0, 0, 0, 0, 0
1520624706.474931, 0, 0, 0, 0, 0
1520624706.498900, 0, 0, 0, 0, 0
1520624706.522961, 0, 0, 0, 0, 0
1520624706.546959, 0, 0, 0, 0, 0
1520624706.570922, 0, 0, 0, 0, 0
1520624706.594961, 0, 0, 0, 0, 0
1520624706.618924, 0, 0, 0, 0, 0
1520624706.642897, 0, 0, 0, 0, 0
1520624706.666956, 0, 0, 0, 0, 0
1520624706.690955, 0, 0, 0, 0, 0
1520624706.714909, 0, 0, 0, 0, 0
1520624706.738970, 0, 0, 0, 0, 0
1520624706.762983, 0, 0, 0, 0, 0
1520624706.786977, 0, 0, 0, 0, 0
1520624706.810971, 0, 0, 0, 0, 0
1520624706.834994, 0, 0, 0, 0, 0
1520624706.858963, 0, 0, 0, 0, 0
1520624706.882941, 0, 0, 0, 0, 0
1520624706.906970, 0, 0, 0, 0, 0
1520624706.930912, 0, 0, 0, 0, 0
1520624706.954937, 0, 0, 0, 0, 0
1520624706.978889, 0, 0, 0, 0, 0
1520624707.002887, 0, 0, 0, 0, 0
1520624707.026882, 0, 0, 0, 0, 0
1520624707.050905, 0, 0, 0, 0, 0
1520624707.074887, 0, 0, 0, 0, 0
1520624707.098884, 0, 0, 0, 0, 0
1520624707.122884, 0, 0, 0, 0, 0
1520624707.146884, 0, 0, 0, 0, 0
1520624707.170901, 0, 0, 0, 0, 0
1520624707.194891, 0, 0, 0, 0, 0
1520624707.218916, 0, 0, 0, 0, 0
1520624707.242926, 0, 0, 0, 0, 0
1520624707.266977, 0, 0, 0, 0, 0
1520624707.290891, 0, 0, 0, 0, 0
1520624707.314882, 0, 0, 0, 0, 0
1520624707.338881, 0, 0, 0, 0, 0
1520624707.362895, 0, 0, 0, 0, 0
1520624707.386873, 0, 0, 0, 0, 0
1520624707.410909, 0, 0, 0, 0, 0
1520624707.434953, 0, 0, 0, 0, 0
1520624707.458914, 0, 0, 0, 0, 0
1520624707.482944, 0, 0, 0, 0, 0
1520624707.506897, 0, 0, 0, 0, 0
1520624707.530912, 0, 0, 0, 0, 0
1520624707.554900, 0, 0, 0, 0, 0
1520624707.578938, 0, 0, 0, 0, 0
1520624707.602929, 0, 0, 0, 0, 0
1520624707.626913, 0, 0, 0, 0, 0
1520624707.650895, 0, 0, 0, 0, 0
1520624707.674866, 0, 0, 0, 0, 0
1520624707.698911, 0, 0, 0, 0, 0
1520624707.722934, 0, 0, 0, 0, 0
1520624707.746922, 0, 0, 0, 0, 0
1520624707.770887, 0, 0, 0, 0, 0
1520624707.794917, 0, 0, 0, 0, 0
1520624707.818876, 0, 0, 0, 0, 0
1520624707.842874, 0, 0, 0, 0, 0
1520624707.866928, 0, 0, 0, 0, 0
1520624707.890848, 0, 0, 0, 0, 0
1520624707.914914, 0, 0, 0, 0, 0
1520624707.938898, 0, 0, 0, 0, 0
1520624707.962908, 0, 0, 0, 0, 0
1520624707.986926, 0, 0, 0, 0, 0
1520624708.010933, 0, 0, 0, 0, 0
1520624708.034936, 0, 0, 0, 0, 0
1520624708.058887, 0, 0, 0, 0, 0
1520624708.082866, 0, 0, 0, 0, 0
1520624708.106862, 0, 0, 0, 0, 0
1520624708.130921, 0, 0, 0, 0, 0
1520624708.154927, 0, 0, 0, 0, 0
1520624708.178939, 0, 0, 0, 0, 0
1520624708.202868, 0, 0, 0, 0, 0
1520624708.226872, 0, 0, 0, 0, 0
1520624708.250925, 0, 0, 0, 0, 0
1520624708.274930, 0, 0, 0, 0, 0
1520624708.298927, 0, 0, 0, 0, 0
1520624708.322929, 0, 0, 0, 0, 0
1520624708.346891, 0, 0, 0, 0, 0
1520624708.370838, 0, 0, 0, 0, 0
1520624708.394858, 0, 0, 0, 0, 0
1520624708.418839, 0, 0, 0, 0, 0
1520624708.442893, 0, 0, 0, 0, 0
1520624708.466852, 0, 0, 0, 0, 0
1520624708.490884, 0, 0, 0, 0, 0
1520624708.514915, 0, 0, 0, 0, 0
1520624708.538911, 0, 0, 0, 0, 0
1520624708.562875, 0, 0, 0, 0, 0
1520624708.586862, 0, 0, 0, 0, 0
1520624708.610840, 0, 0, 0, 0, 0
1520624708.634868, 0, 0, 0, 0, 0
1520624708.658878, 0, 0, 0, 0, 0
1520624708.682865, 0, 0, 0, 0, 0
1520624708.706954, 0, 0, 0, 0, 0
1520624708.730899, 0, 0, 0, 0, 0
1520624708.754891, 0, 0, 0, 0, 0
1520624708.778919, 0, 0, 0, 0, 0
1520624708.802863, 0, 0, 0, 0, 0
1520624708.826867, 0, 0, 0, 0, 0
1520624708.850877, 0, 0, 0, 0, 0
1520624708.874834, 0, 0, 0, 0, 0
1520624708.898872, 0, 0, 0, 0, 0
1520624708.922870, 0, 0, 0, 0, 0
1520624708.946884, 0, 0, 0, 0, 0
1520624708.970882, 0, 0, 0, 0, 0
1520624708.994856, 0, 0, 0, 0, 0
1520624709.018854, 0, 0, 0, 0, 0
1520624709.042857, 0, 0, 0, 0, 0
1520624709.066854, 0, 0, 0, 0, 0
1520624709.090825, 0, 0, 0, 0, 0
1520624709.114856, 0, 0, 0, 0, 0
1520624709.138846, 0, 0, 0, 0, 0
1520624709.162884, 0, 0, 0, 0, 0
1520624709.186913, 0, 0, 0, 0, 0
1520624709.210874, 0, 0, 0, 0, 0
1520624709.234885, 0, 0, 0, 0, 0
1520624709.258906, 0, 0, 0, 0, 0
1520624709.282893, 0, 0, 0, 0, 0
1520624709.306895, 0, 0, 0, 0, 0
1520624709.330873, 0, 0, 0, 0, 0
1520624709.354889, 0, 0, 0, 0, 0
1520624709.378888, 0, 0, 0, 0, 0
1520624709.402865, 0, 0, 0, 0, 0
1520624709.426903, 0, 0, 0, 0, 0
1520624709.450865, 0, 0, 0, 0, 0
1520624709.474915, 0, 0, 0, 0, 0
1520624709.498844, 0, 0, 0, 0, 0
1520624709.522893, 0, 0, 0, 0, 0
1520624709.546873, 0, 0, 0, 0, 0
1520624709.570881, 0, 0, 0, 0, 0
1520624709.594860, 0, 0, 0, 0, 0
1520624709.618855, 0, 0, 0, 0, 0
1520624709.642854, 0, 0, 0, 0, 0
1520624709.666898, 0, 0, 0, 0, 0
1520624709.690899, 0, 0, 0, 0, 0
1520624709.714853, 0, 0, 0, 0, 0
1520624709.738830, 0, 0, 0, 0, 0
1520624709.762810, 0, 0, 0, 0, 0
1520624709.786867, 0, 0, 0, 0, 0
1520624709.810820, 0, 0, 0, 0, 0
1520624709.834848, 0, 0, 0, 0, 0
1520624709.858799, 0, 0, 0, 0, 0
1520624709.882842, 0, 0, 0, 0, 0
1520624709.906810, 0, 0, 0, 0, 0
1520624709.930830, 0, 0, 0, 0, 0
1520624709.954808, 0, 0, 0, 0, 0
1520624709.978797, 0, 0, 0, 0, 0
1520624710.002817, 0, 0, 0, 0, 0
1520624710.026825, 0, 0, 0, 0, 0
1520624710.050816, 0, 0, 0, 0, 0
1520624710.074873, 0, 0, 0, 0, 0
1520624710.098860, 280, 310, 0, 0, 0
1520624710.122844, 280, 310, 0, 0, 0
1520624710.146792, 280, 310, 0, 0, 0
1520624710.170859, 280, 310, 0, 0, 0
1520624710.194825, 280, 310, 0, 0, 0
1520624710.218868, 280, 310, 0, 0, 0
1520624710.242840, 280, 310, 0, 0, 0
1520624710.266867, 280, 310, 0, 0, 0
1520624710.290886, 280, 310, 0, 0, 0
1520624710.314800, 280, 310, 0, 0, 0
1520624710.338844, 280, 310, 0, 0, 0
1520624710.362836, 280, 310, 0, 0, 0
1520624710.386854, 280, 310, 0, 0, 0
1520624710.410856, 280, 310, 0, 0, 0
1520624710.434842, 280, 310, 0, 0, 0
1520624710.458816, 280, 310, 0, 0, 0
1520624710.482790, 280, 310, 0, 0, 0
1520624710.506774, 280, 310, 0, 0, 0
1520624710.530813, 280, 310, 0, 0, 0
1520624710.554815, 280, 310, 0, 0, 0
1520624710.578861, 280, 310, 0, 0, 0
1520624710.602858, 280, 310, 0, 0, 0
1520624710.626812, 280, 310, 0, 1, 100
1520624710.650772, 280, 310, 0, 1, 100
1520624710.674787, 280, 310, 0, 1, 100
1520624710.698792, 280, 310, 22, 40, 310
1520624710.722795, 280, 310, 176, 304, 310
1520624710.746819, 310, 280, 97, 293, 280
1520624710.770823, 310, 280, 63, 326, 280
1520624710.794779, 310, 280, 82, 315, 280
1520624710.818821, 310, 280, 81, 310, 280
1520624710.842774, 310, 280, 74, 302, 280
1520624710.866792, 310, 280, 137, 311, 280
1520624710.890862, 310, 280, 110, 298, 280
1520624710.914840, 310, 280, 128, 301, 280
1520624710.938851, 310, 280, 186, 229, 280
1520624710.962821, 310, 280, 123, 321, 280
1520624710.986826, 310, 280, 102, 306, 280
1520624711.010835, 310, 280, 110, 304, 280
1520624711.034821, 310, 280, 116, 303, 280
1520624711.058803, 310, 280, 152, 285, 280
1520624711.082811, 310, 280, 118, 324, 280
1520624711.106806, 310, 280, 99, 308, 280
1520624711.130808, 310, 280, 115, 293, 280
1520624711.154759, 310, 280, 111, 327, 280
1520624711.178806, 310, 280, 117, 299, 280
1520624711.202773, 310, 280, 115, 323, 280
1520624711.226768, 310, 280, 120, 292, 280
1520624711.250823, 310, 280, 118, 325, 280
1520624711.274821, 310, 280, 99, 305, 280
1520624711.298826, 310, 280, 112, 302, 280
1520624711.322832, 310, 280, 112, 300, 280
1520624711.346817, 310, 280, 112, 308, 280
1520624711.370778, 310, 280, 110, 299, 280
1520624711.394820, 310, 280, 134, 294, 280
1520624711.418814, 310, 280, 147, 308, 280
1520624711.442812, 310, 280, 129, 324, 280
1520624711.466798, 310, 280, 107, 305, 280
1520624711.490821, 310, 280, 112, 304, 280
1520624711.514836, 310, 280, 120, 304, 280
1520624711.538795, 310, 280, 126, 294, 280
1520624711.562813, 310, 280, 163, 287, 280
1520624711.586804, 310, 280, 127, 325, 280
1520624711.610815, 310, 280, 105, 307, 280
1520624711.634802, 310, 280, 114, 305, 280
1520624711.658811, 310, 280, 143, 292, 280
1520624711.682799, 310, 280, 116, 325, 280
1520624711.706804, 310, 280, 107, 307, 280
1520624711.730814, 310, 280, 107, 307, 280
1520624711.754766, 310, 280, 114, 306, 280
1520624711.778766, 310, 280, 165, 271, 280
1520624711.802853, 310, 280, 126, 324, 280
1520624711.826818, 310, 280, 122, 296, 280
1520624711.850818, 310, 280, 110, 288, 280
1520624711.874810, 310, 280, 112, 316, 280
1520624711.898751, 310, 280, 98, 306, 280
1520624711.922813, 310, 280, 116, 304, 280
1520624711.946806, 310, 280, 129, 300, 280
1520624711.970820, 310, 280, 123, 308, 280
1520624711.994825, 310, 280, 122, 308, 280
1520624712.018774, 310, 280, 125, 305, 280
1520624712.042782, 310, 280, 134, 303, 280
1520624712.066766, 310, 280, 131, 309, 280
1520624712.090796, 310, 280, 117, 307, 280
1520624712.114802, 310, 280, 116, 307, 280
1520624712.138811, 310, 280, 131, 296, 280
1520624712.162776, 310, 280, 173, 272, 280
1520624712.186759, 310, 280, 112, 329, 280
1520624712.210733, 310, 280, 113, 307, 280
1520624712.234766, 310, 280, 116, 307, 280
1520624712.258754, 310, 280, 118, 307, 280
1520624712.282754, 310, 280, 129, 294, 280
1520624712.306738, 310, 280, 137, 324, 280
1520624712.330828, 310, 280, 117, 307, 280
1520624712.354758, 310, 280, 121, 306, 280
1520624712.378818, 310, 280, 124, 307, 280
1520624712.402797, 310, 280, 124, 306, 280
1520624712.426742, 310, 280, 131, 304, 280
1520624712.450740, 310, 280, 137, 305, 280
1520624712.474740, 310, 280, 135, 307, 280
1520624712.498764, 310, 280, 111, 310, 280
1520624712.522793, 310, 280, 131, 298, 280
1520624712.546797, 310, 280, 154, 282, 280
1520624712.570771, 310, 280, 106, 327, 280
1520624712.594741, 310, 280, 100, 308, 280
1520624712.618757, 310, 280, 127, 299, 280
1520624712.642851, 310, 280, 139, 256, 280
1520624712.666783, 310, 280, 133, 313, 280
1520624712.690787, 310, 280, 132, 298, 280
1520624712.714793, 310, 280, 128, 321, 280
1520624712.738797, 310, 280, 122, 307, 280
1520624712.762719, 310, 280, 120, 308, 280
1520624712.786736, 310, 280, 115, 309, 280
1520624712.810775, 310, 280, 118, 308, 280
1520624712.834743, 310, 280, 125, 306, 280
1520624712.858748, 310, 280, 127, 298, 280
1520624712.882787, 310, 280, 158, 288, 280
1520624712.906760, 310, 280, 119, 327, 280
1520624712.930755, 310, 280, 113, 308, 280
1520624712.954737, 310, 280, 117, 307, 280
1520624712.978774, 310, 280, 129, 306, 280
1520624713.002722, 310, 280, 150, 338, 280
1520624713.026758, 310, 280, 127, 306, 280
1520624713.050754, 310, 280, 130, 306, 280
1520624713.074751, 310, 280, 131, 306, 280
1520624713.098824, 310, 280, 132, 307, 280
1520624713.122733, 310, 280, 124, 308, 280
1520624713.146756, 310, 280, 127, 307, 280
1520624713.170690, 310, 280, 126, 307, 280
1520624713.194760, 310, 280, 123, 309, 280
1520624713.218786, 310, 280, 121, 306, 280
1520624713.242794, 310, 280, 145, 289, 280
1520624713.266734, 310, 280, 141, 310, 280
1520624713.290764, 310, 280, 137, 308, 280
1520624713.314772, 310, 280, 118, 312, 280
1520624713.338796, 310, 280, 123, 307, 280
1520624713.362748, 310, 280, 120, 309, 280
1520624713.386767, 310, 280, 119, 309, 280
1520624713.410728, 310, 280, 135, 294, 280
1520624713.434705, 310, 280, 148, 312, 280
1520624713.458757, 310, 280, 129, 327, 280
1520624713.482728, 310, 280, 109, 310, 280
1520624713.506741, 310, 280, 114, 309, 280
1520624713.530720, 310, 280, 118, 308, 280
1520624713.554739, 310, 280, 123, 307, 280
1520624713.578722, 310, 280, 134, 296, 280
1520624713.602698, 310, 280, 147, 305, 280
1520624713.626722, 310, 280, 114, 332, 280
1520624713.650727, 310, 280, 112, 309, 280
1520624713.674750, 310, 280, 116, 307, 280
1520624713.698735, 310, 280, 119, 307, 280
1520624713.722779, 310, 280, 120, 308, 280
1520624713.746715, 310, 280, 130, 297, 280
1520624713.770705, 310, 280, 153, 305, 280
1520624713.794690, 310, 280, 130, 326, 280
1520624713.818683, 310, 280, 117, 308, 280
1520624713.842767, 310, 280, 119, 308, 280
1520624713.866806, 310, 280, 121, 308, 280
1520624713.890791, 310, 280, 119, 309, 280
1520624713.914736, 310, 280, 124, 306, 280
1520624713.938803, 310, 280, 131, 297, 280
1520624713.962738, 310, 280, 129, 327, 280
1520624713.986758, 310, 280, 112, 309, 280
1520624714.010708, 310, 280, 113, 309, 280
1520624714.034684, 310, 280, 114, 309, 280
1520624714.058733, 310, 280, 130, 299, 280
1520624714.082716, 310, 280, 180, 233, 280
1520624714.106761, 310, 280, 130, 323, 280
1520624714.130710, 310, 280, 128, 307, 280
1520624714.154711, 310, 280, 125, 308, 280
1520624714.178692, 310, 280, 120, 309, 280
1520624714.202685, 310, 280, 115, 309, 280
1520624714.226688, 310, 280, 118, 307, 280
1520624714.250766, 310, 280, 135, 294, 280
1520624714.274708, 310, 280, 156, 303, 280
1520624714.298730, 310, 280, 104, 309, 280
1520624714.322757, 310, 280, 113, 308, 280
1520624714.346754, 310, 280, 118, 307, 280
1520624714.370701, 310, 280, 147, 305, 280
1520624714.394741, 310, 280, 137, 321, 280
1520624714.418762, 310, 280, 122, 308, 280
1520624714.442783, 310, 280, 122, 308, 280
1520624714.466774, 310, 280, 122, 308, 280
1520624714.490786, 310, 280, 127, 306, 280
1520624714.514690, 310, 280, 136, 305, 280
1520624714.538723, 310, 280, 135, 307, 280
1520624714.562726, 310, 280, 135, 299, 280
1520624714.586741, 310, 280, 124, 325, 280
1520624714.610707, 310, 280, 108, 310, 280
1520624714.634680, 310, 280, 110, 309, 280
1520624714.658714, 310, 280, 113, 309, 280
1520624714.682698, 310, 280, 124, 307, 280
1520624714.706726, 310, 280, 129, 297, 280
1520624714.730719, 310, 280, 133, 323, 280
1520624714.754730, 310, 280, 121, 308, 280
1520624714.778742, 310, 280, 123, 308, 280
1520624714.802723, 310, 280, 123, 308, 280
1520624714.826698, 310, 280, 120, 309, 280
1520624714.850718, 310, 280, 123, 307, 280
1520624714.874741, 310, 280, 129, 307, 280
1520624714.898707, 310, 280, 134, 306, 280
1520624714.922667, 310, 280, 137, 306, 280
1520624714.946697, 310, 280, 142, 311, 280
1520624714.970692, 310, 280, 132, 319, 280
1520624714.994701, 310, 280, 122, 309, 280
1520624715.018740, 310, 280, 119, 310, 280
1520624715.042734, 310, 280, 126, 297, 280
1520624715.066741, 310, 280, 147, 307, 280
1520624715.090755, 310, 280, 123, 308, 280
1520624715.114744, 310, 280, 126, 308, 280
1520624715.138726, 310, 280, 125, 308, 280
1520624715.162672, 310, 280, 127, 308, 280
1520624715.186674, 310, 280, 126, 307, 280
1520624715.210675, 310, 280, 140, 293, 280
1520624715.234694, 310, 280, 151, 312, 280
1520624715.258661, 310, 280, 129, 327, 280
1520624715.282667, 310, 280, 113, 309, 280
1520624715.306731, 310, 280, 117, 308, 280
1520624715.330674, 310, 280, 121, 307, 280
1520624715.354746, 310, 280, 130, 302, 280
1520624715.378674, 310, 280, 157, 289, 280
1520624715.402694, 310, 280, 129, 308, 280
1520624715.426660, 310, 280, 122, 310, 280
1520624715.450708, 310, 280, 110, 312, 280
1520624715.474738, 310, 280, 107, 309, 280
1520624715.498722, 310, 280, 144, 304, 280
1520624715.522721, 310, 280, 139, 308, 280
1520624715.546704, 310, 280, 137, 305, 280
1520624715.570657, 310, 280, 144, 307, 280
1520624715.594682, 310, 280, 121, 309, 280
1520624715.618685, 310, 280, 118, 311, 280
1520624715.642743, 310, 280, 110, 312, 280
1520624715.666741, 310, 280, 111, 310, 280
1520624715.690708, 310, 280, 150, 315, 280
1520624715.714693, 310, 280, 123, 329, 280
1520624715.738667, 310, 280, 107, 308, 280
1520624715.762650, 310, 280, 121, 308, 280
1520624715.786678, 310, 280, 125, 308, 280
1520624715.810743, 310, 280, 127, 307, 280
1520624715.834675, 310, 280, 135, 306, 280
1520624715.858721, 310, 280, 137, 307, 280
1520624715.882718, 310, 280, 119, 310, 280
1520624715.906718, 310, 280, 116, 310, 280
1520624715.930656, 310, 280, 121, 308, 280
1520624715.954659, 310, 280, 136, 297, 280
1520624715.978664, 310, 280, 107, 339, 280
1520624716.002653, 310, 280, 113, 307, 280
1520624716.026685, 310, 280, 117, 301, 280
1520624716.050667, 310, 280, 124, 317, 280
1520624716.074710, 310, 280, 121, 308, 280
1520624716.098642, 310, 280, 148, 303, 280
1520624716.122631, 310, 280, 137, 321, 280
1520624716.146626, 310, 280, 122, 307, 280
1520624716.170735, 310, 280, 124, 308, 280
1520624716.194646, 310, 280, 119, 308, 280
1520624716.218659, 310, 280, 108, 309, 280
1520624716.242691, 310, 280, 119, 305, 280
1520624716.266631, 310, 280, 151, 310, 280
1520624716.290667, 310, 280, 120, 328, 280
1520624716.314676, 310, 280, 107, 307, 280
1520624716.338645, 310, 280, 116, 309, 280
1520624716.362651, 310, 280, 122, 306, 280
1520624716.386648, 310, 280, 123, 297, 280
1520624716.410664, 310, 280, 133, 325, 280
1520624716.434690, 310, 280, 115, 307, 280
1520624716.458628, 310, 280, 123, 307, 280
1520624716.482626, 310, 280, 123, 308, 280
1520624716.506649, 310, 280, 125, 307, 280
1520624716.530638, 310, 280, 125, 307, 280
1520624716.554642, 310, 280, 129, 306, 280
1520624716.578670, 310, 280, 145, 311, 280
1520624716.602681, 310, 280, 117, 327, 280
1520624716.626637, 310, 280, 107, 309, 280
1520624716.650688, 310, 280, 115, 307, 280
1520624716.674644, 310, 280, 125, 307, 280
1520624716.698682, 310, 280, 131, 305, 280
1520624716.722642, 310, 280, 144, 293, 280
1520624716.746689, 310, 280, 130, 328, 280
1520624716.770634, 310, 280, 115, 306, 280
1520624716.794667, 310, 280, 118, 308, 280
1520624716.818660, 310, 280, 113, 308, 280
1520624716.842698, 310, 280, 131, 294, 280
1520624716.866677, 310, 280, 162, 302, 280
1520624716.890694, 310, 280, 128, 326, 280
1520624716.914623, 310, 280, 122, 306, 280
1520624716.938611, 310, 280, 124, 306, 280
1520624716.962638, 310, 280, 125, 307, 280
1520624716.986663, 310, 280, 125, 307, 280
1520624717.010611, 310, 280, 121, 308, 280
1520624717.034642, 310, 280, 124, 306, 280
1520624717.058627, 310, 280, 133, 297, 280
1520624717.082685, 310, 280, 128, 326, 280
1520624717.106687, 310, 280, 110, 308, 280
1520624717.130680, 310, 280, 113, 308, 280
1520624717.154619, 310, 280, 118, 307, 280
1520624717.178616, 310, 280, 130, 297, 280
1520624717.202639, 310, 280, 128, 323, 280
1520624717.226640, 310, 280, 118, 307, 280
1520624717.250635, 310, 280, 121, 308, 280
1520624717.274709, 310, 280, 124, 307, 280
1520624717.298647, 310, 280, 133, 306, 280
1520624717.322617, 310, 280, 126, 303, 280
1520624717.346670, 310, 280, 135, 297, 280
1520624717.370730, 310, 280, 136, 312, 280
1520624717.394703, 310, 280, 129, 308, 280
1520624717.418653, 310, 280, 123, 308, 280
1520624717.442640, 310, 280, 164, 287, 280
1520624717.466614, 310, 280, 133, 325, 280
1520624717.490600, 310, 280, 114, 308, 280
1520624717.514591, 310, 280, 119, 308, 280
1520624717.538609, 310, 280, 121, 308, 280
1520624717.562633, 310, 280, 127, 306, 280
1520624717.586670, 310, 280, 132, 306, 280
1520624717.610673, 310, 280, 129, 308, 280
1520624717.634614, 310, 280, 132, 306, 280
1520624717.658629, 310, 280, 136, 298, 280
1520624717.682589, 310, 280, 128, 325, 280
1520624717.706594, 310, 280, 112, 309, 280
1520624717.730682, 310, 280, 117, 308, 280
1520624717.754627, 310, 280, 117, 309, 280
1520624717.778614, 310, 280, 142, 310, 280
1520624717.802633, 310, 280, 143, 318, 280
1520624717.826659, 310, 280, 131, 307, 280
1520624717.850626, 310, 280, 127, 309, 280
1520624717.874630, 310, 280, 114, 310, 280
1520624717.898652, 310, 280, 118, 307, 280
1520624717.922680, 310, 280, 131, 297, 280
1520624717.946651, 310, 280, 118, 326, 280
1520624717.970585, 310, 280, 118, 308, 280
1520624717.994611, 310, 280, 126, 306, 280
1520624718.018639, 310, 280, 152, 300, 280
1520624718.042605, 310, 280, 133, 322, 280
1520624718.066592, 310, 280, 116, 308, 280
1520624718.090624, 310, 280, 122, 308, 280
1520624718.114596, 310, 280, 121, 309, 280
1520624718.138622, 310, 280, 117, 309, 280
1520624718.162583, 310, 280, 130, 298, 280
1520624718.186597, 310, 280, 145, 305, 280
1520624718.210578, 310, 280, 123, 324, 280
1520624718.234601, 310, 280, 132, 306, 280
1520624718.258620, 310, 280, 128, 307, 280
1520624718.282652, 310, 280, 124, 309, 280
1520624718.306641, 310, 280, 119, 309, 280
1520624718.330651, 310, 280, 141, 295, 280
1520624718.354638, 310, 280, 152, 315, 280
1520624718.378573, 310, 280, 128, 327, 280
1520624718.402601, 310, 280, 107, 309, 280
1520624718.426593, 310, 280, 113, 309, 280
1520624718.450593, 310, 280, 115, 308, 280
1520624718.474641, 310, 280, 133, 299, 280
1520624718.498636, 310, 280, 178, 278, 280
1520624718.522619, 310, 280, 132, 327, 280
1520624718.546604, 310, 280, 116, 307, 280
1520624718.570596, 310, 280, 125, 308, 280
1520624718.594623, 310, 280, 123, 308, 280
1520624718.618591, 310, 280, 123, 308, 280
1520624718.642602, 310, 280, 128, 306, 280
1520624718.666562, 310, 280, 142, 295, 280
1520624718.690589, 310, 280, 150, 311, 280
1520624718.714575, 310, 280, 135, 322, 280
1520624718.738578, 310, 280, 118, 309, 280
1520624718.762555, 310, 280, 117, 310, 280
1520624718.786629, 310, 280, 119, 308, 280
1520624718.810637, 310, 280, 126, 306, 280
1520624718.834635, 310, 280, 136, 309, 280
1520624718.858620, 310, 280, 126, 312, 280
1520624718.882593, 310, 280, 114, 308, 280
1520624718.906558, 310, 280, 131, 305, 280
1520624718.930551, 310, 280, 132, 307, 280
1520624718.954634, 310, 280, 131, 307, 280
1520624718.978628, 310, 280, 131, 307, 280
1520624719.002587, 310, 280, 157, 326, 280
1520624719.026598, 310, 280, 115, 326, 280
1520624719.050584, 310, 280, 137, 306, 280
1520624719.074572, 310, 280, 126, 309, 280
1520624719.098628, 310, 280, 121, 309, 280
1520624719.122571, 310, 280, 122, 308, 280
1520624719.146642, 310, 280, 137, 293, 280
1520624719.170560, 310, 280, 132, 327, 280
1520624719.194582, 310, 280, 115, 309, 280
1520624719.218618, 310, 280, 119, 308, 280
1520624719.242607, 310, 280, 118, 308, 280
1520624719.266587, 310, 280, 128, 307, 280
1520624719.290612, 310, 280, 133, 306, 280
1520624719.314580, 310, 280, 138, 306, 280
1520624719.338548, 310, 280, 139, 307, 280
1520624719.362578, 310, 280, 134, 307, 280
1520624719.386579, 310, 280, 135, 300, 280
1520624719.410576, 310, 280, 143, 310, 280
1520624719.434590, 310, 280, 132, 322, 280
1520624719.458544, 310, 280, 115, 309, 280
1520624719.482588, 310, 280, 120, 308, 280
1520624719.506561, 310, 280, 134, 296, 280
1520624719.530631, 310, 280, 142, 323, 280
1520624719.554559, 310, 280, 124, 308, 280
1520624719.578577, 310, 280, 125, 308, 280
1520624719.602587, 310, 280, 122, 310, 280
1520624719.626560, 310, 280, 131, 305, 280
1520624719.650581, 310, 280, 140, 307, 280
1520624719.674625, 310, 280, 134, 308, 280
1520624719.698543, 310, 280, 138, 305, 280
1520624719.722526, 310, 280, 133, 305, 280
1520624719.746608, 310, 280, 108, 328, 280
1520624719.770547, 310, 280, 127, 308, 280
1520624719.794533, 310, 280, 124, 309, 280
1520624719.818538, 310, 280, 129, 294, 280
1520624719.842606, 310, 280, 150, 311, 280
1520624719.866546, 310, 280, 134, 324, 280
1520624719.890547, 310, 280, 122, 306, 280
1520624719.914579, 310, 280, 126, 308, 280
1520624719.938544, 310, 280, 120, 309, 280
1520624719.962593, 310, 280, 118, 309, 280
1520624719.986563, 310, 280, 124, 307, 280
1520624720.010587, 310, 280, 143, 294, 280
1520624720.034553, 310, 280, 126, 330, 280
1520624720.058614, 310, 280, 104, 310, 280
1520624720.082539, 310, 280, 112, 308, 280
1520624720.106543, 310, 280, 119, 308, 280
1520624720.130576, 310, 280, 128, 307, 280
1520624720.154533, 310, 280, 129, 307, 280
1520624720.178565, 310, 280, 155, 300, 280
1520624720.202553, 310, 280, 136, 325, 280
1520624720.226562, 310, 280, 123, 308, 280
1520624720.250540, 310, 280, 125, 308, 280
1520624720.274529, 310, 280, 129, 307, 280
1520624720.298542, 310, 280, 131, 307, 280
1520624720.322594, 310, 280, 128, 308, 280
1520624720.346585, 310, 280, 128, 308, 280
1520624720.370560, 310, 280, 125, 309, 280
1520624720.394561, 310, 280, 123, 309, 280
1520624720.418505, 310, 280, 155, 299, 280
1520624720.442535, 310, 280, 138, 323, 280
1520624720.466564, 310, 280, 124, 307, 280
1520624720.490564, 310, 280, 132, 308, 280
1520624720.514564, 310, 280, 129, 308, 280
1520624720.538566, 310, 280, 131, 307, 280
1520624720.562584, 310, 280, 134, 306, 280
1520624720.586595, 310, 280, 134, 307, 280
1520624720.610613, 310, 280, 134, 307, 280
1520624720.634574, 310, 280, 135, 308, 280
1520624720.658508, 310, 280, 135, 308, 280
1520624720.682576, 310, 280, 138, 298, 280
1520624720.706608, 310, 280, 156, 296, 280
1520624720.730564, 310, 280, 117, 309, 280
1520624720.754575, 309, 280, 128, 308, 280
1520624720.778514, 247, 266, 125, 308, 266
1520624720.802524, 247, 266, 92, 288, 266
1520624720.826530, 247, 266, 127, 281, 266
1520624720.850538, 247, 266, 78, 274, 266
1520624720.874541, 247, 266, 121, 215, 266
1520624720.898588, 247, 266, 134, 221, 266
1520624720.922544, 247, 266, 129, 240, 266
1520624720.946502, 247, 266, 121, 232, 266
1520624720.970519, 247, 266, 93, 266, 266
1520624720.994492, 247, 266, 67, 248, 266
1520624721.018546, 247, 266, 123, 242, 266
1520624721.042527, 247, 266, 110, 252, 266
1520624721.066591, 247, 266, 139, 274, 266
1520624721.090577, 247, 266, 96, 245, 266
1520624721.115498, 247, 266, 103, 250, 266
1520624721.140444, 247, 266, 103, 250, 266
